Symbol,Date,Open,High,Low,Close,Volume
AAB.TO,27-Apr-2018,0.16,0.16,0.16,0.16,84500
AAR.UN.TO,27-Apr-2018,8.08,8.09,8.07,8.08,346016
AAV.TO,27-Apr-2018,4.19,4.23,4.11,4.16,1240490
ABT.TO,27-Apr-2018,6.97,6.98,6.94,6.98,1920
ABX.TO,27-Apr-2018,17.58,17.72,17.52,17.67,804431
AC.TO,27-Apr-2018,24.75,25.02,24.75,25.01,585354
ACB.TO,27-Apr-2018,7.78,7.78,7.56,7.65,4309343
ACB.WT.TO,27-Apr-2018,4.67,4.67,4.2,4.37,47354
ACO.X.TO,27-Apr-2018,39.77,39.96,39.4,39.53,125319
ACO.Y.TO,27-Apr-2018,39.77,39.77,39.5,39.5,950
ACQ.TO,27-Apr-2018,21.75,21.88,21.56,21.72,33385
ACR.UN.TO,27-Apr-2018,11.02,11.09,10.93,11.09,11721
ACZ.UN.TO,27-Apr-2018,11.95,11.95,11.95,11.95,0
AD.TO,27-Apr-2018,17.35,17.43,17.2,17.27,46838
ADC.UN.TO,27-Apr-2018,6.42,6.42,6.42,6.42,0
ADN.TO,27-Apr-2018,19.47,19.52,19.46,19.52,5281
ADW.A.TO,27-Apr-2018,18,18.15,18,18.11,15413
ADW.B.TO,27-Apr-2018,18.1,18.1,18.05,18.1,1100
AEF.TO,27-Apr-2018,2.25,2.25,2.25,2.25,2300
AEF.WT.TO,27-Apr-2018,0.04,0.04,0.04,0.04,0
AEM.TO,27-Apr-2018,57.06,57.1,56.14,56.45,259150
AEZS.TO,27-Apr-2018,2.12,2.15,2.1,2.13,3000
AFN.TO,27-Apr-2018,52.18,52.52,52.04,52.45,9347
AFN.DB.B.TO,27-Apr-2018,101.1,101.1,101.1,101.1,0
AFN.DB.C.TO,27-Apr-2018,104,104,104,104,34000
AFN.DB.D.TO,27-Apr-2018,101,101,101,101,35000
AFN.DB.E.TO,27-Apr-2018,100.75,100.75,100.75,100.75,4000
AGF.B.TO,27-Apr-2018,7.18,7.27,7.12,7.13,55166
AGI.TO,27-Apr-2018,6.88,7.09,6.88,7.03,283857
AGI.WT.A.TO,27-Apr-2018,0.3,0.32,0.3,0.32,2500
AGT.TO,27-Apr-2018,16.4,16.47,16.26,16.4,16333
AHY.UN.TO,27-Apr-2018,7.58,7.58,7.58,7.58,0
AI.TO,27-Apr-2018,12.51,12.6,12.5,12.56,28076
AI.DB.TO,27-Apr-2018,100.25,100.25,99.5,99.5,28000
AI.DB.B.TO,27-Apr-2018,101.5,101.5,101.5,101.5,0
AI.DB.C.TO,27-Apr-2018,99.5,99.5,99.5,99.5,0
AIF.TO,27-Apr-2018,32.25,32.63,32.18,32.33,24430
AIM.TO,27-Apr-2018,1.93,2.15,1.92,2.09,1446595
AIM.PR.A.TO,27-Apr-2018,10.28,10.89,10.28,10.89,1000
AIM.PR.B.TO,27-Apr-2018,10.77,10.8,10.77,10.8,900
AIM.PR.C.TO,27-Apr-2018,10.88,11.56,10.88,11.55,4004
AJX.TO,27-Apr-2018,0.9,0.9,0.89,0.9,7500
AKG.TO,27-Apr-2018,1.43,1.45,1.43,1.44,70100
AKT.A.TO,27-Apr-2018,7.17,7.17,7.15,7.15,3600
AKU.U.TO,27-Apr-2018,3.91,3.97,3.87,3.88,129100
ALA.TO,27-Apr-2018,24.6,24.65,24.33,24.4,234620
ALA.PR.A.TO,27-Apr-2018,19.97,19.98,19.97,19.98,300
ALA.PR.B.TO,27-Apr-2018,20,20,20,20,100
ALA.PR.E.TO,27-Apr-2018,23.37,23.37,23.37,23.37,0
ALA.PR.G.TO,27-Apr-2018,23.14,23.14,23.14,23.14,0
ALA.PR.I.TO,27-Apr-2018,25.25,25.35,25.25,25.35,34700
ALA.PR.K.TO,27-Apr-2018,24.9,24.99,24.9,24.95,5600
ALA.PR.U.TO,27-Apr-2018,24.9,24.96,24.88,24.92,3700
ALA.R.TO,27-Apr-2018,25.41,25.41,25.3,25.38,46282
ALC.TO,27-Apr-2018,15.04,15.2,14.97,15.2,3700
ALC.DB.A.TO,27-Apr-2018,104.5,104.5,104.5,104.5,0
ALO.TO,27-Apr-2018,2.51,2.53,2.5,2.5,47041
ALS.TO,27-Apr-2018,14.15,14.29,14.11,14.29,57553
AMM.TO,27-Apr-2018,1.05,1.05,1.05,1.05,5849
ANX.TO,27-Apr-2018,0.36,0.4,0.36,0.4,272562
AOI.TO,27-Apr-2018,1.16,1.2,1.16,1.19,20450
AP.UN.TO,27-Apr-2018,40.83,41.31,40.78,41.23,33510
APH.TO,27-Apr-2018,9.83,9.92,9.72,9.81,935543
APR.UN.TO,27-Apr-2018,10.45,10.5,10.4,10.45,5920
APS.TO,27-Apr-2018,4.07,4.17,4.07,4.13,7451
AQA.TO,27-Apr-2018,0.25,0.25,0.25,0.25,0
AQN.TO,27-Apr-2018,12.45,12.57,12.44,12.51,333137
AQN.PR.A.TO,27-Apr-2018,23.6,23.6,23.59,23.6,1000
AQN.PR.D.TO,27-Apr-2018,24.58,24.58,24.58,24.58,0
AQY.A.TO,27-Apr-2018,9.69,9.69,9.69,9.69,0
AQY.WT.TO,27-Apr-2018,0.61,0.61,0.61,0.61,0
AR.TO,27-Apr-2018,2.4,2.45,2.38,2.44,226500
ARE.TO,27-Apr-2018,17.94,17.95,17.85,17.86,23090
ARE.DB.B.TO,27-Apr-2018,101.25,101.25,101.25,101.25,24000
ARG.TO,27-Apr-2018,1.03,1.05,1.03,1.05,7307
ARX.TO,27-Apr-2018,14.57,14.87,14.57,14.72,511608
ARZ.TO,27-Apr-2018,1.74,1.87,1.74,1.8,56128
ASM.TO,27-Apr-2018,1.78,1.82,1.78,1.81,13300
ASND.TO,27-Apr-2018,0.99,0.99,0.98,0.98,57000
ASND.WT.TO,27-Apr-2018,0.31,0.31,0.31,0.31,0
ASO.TO,27-Apr-2018,4.87,4.99,4.87,4.99,709
ASP.TO,27-Apr-2018,0.35,0.35,0.34,0.35,53950
ASR.TO,27-Apr-2018,2.14,2.15,2.12,2.14,75700
ATA.TO,27-Apr-2018,17.98,18.02,17.7,17.79,168857
ATD.A.TO,27-Apr-2018,55.45,57.5,55.44,57.5,1938
ATD.B.TO,27-Apr-2018,54.81,56.81,54.81,56.71,747356
ATH.TO,27-Apr-2018,1.63,1.65,1.58,1.59,3287278
ATL.TO,27-Apr-2018,0.04,0.04,0.04,0.04,452500
ATP.TO,27-Apr-2018,2.76,2.79,2.76,2.77,8629
ATP.DB.D.TO,27-Apr-2018,100.6,100.6,100.6,100.6,15000
ATP.DB.E.TO,27-Apr-2018,98.75,98.75,98.75,98.75,41998
ATZ.TO,27-Apr-2018,12.43,12.59,12.34,12.48,26172
AUG.TO,27-Apr-2018,1.75,1.75,1.68,1.69,25050
AUI.UN.TO,27-Apr-2018,10.05,10.05,10.05,10.05,0
AUMN.TO,27-Apr-2018,0.52,0.52,0.52,0.52,500
AUP.TO,27-Apr-2018,6.91,6.96,6.87,6.87,5200
AV.UN.TO,27-Apr-2018,10.13,10.13,10.13,10.13,0
AVL.TO,27-Apr-2018,0.12,0.12,0.12,0.12,43470
AW.UN.TO,27-Apr-2018,31.94,32.35,31.84,32.01,6300
AX.PR.A.TO,27-Apr-2018,22.91,22.91,22.91,22.91,200
AX.PR.E.TO,27-Apr-2018,21.23,21.23,21.22,21.22,1000
AX.PR.G.TO,27-Apr-2018,21.21,21.26,21.2,21.26,1100
AX.PR.I.TO,27-Apr-2018,25.24,25.43,25.12,25.21,2487
AX.UN.TO,27-Apr-2018,13.39,13.41,13.31,13.4,84308
AXR.TO,27-Apr-2018,1.98,2,1.96,1.97,25400
AYM.TO,27-Apr-2018,4.69,4.7,4.65,4.7,2800
AZ.TO,27-Apr-2018,4.12,4.19,4.06,4.15,134659
AZP.PR.A.TO,27-Apr-2018,14.84,14.84,14.84,14.84,100
AZP.PR.B.TO,27-Apr-2018,18.1,18.1,18.1,18.1,0
AZP.PR.C.TO,27-Apr-2018,17.35,17.35,17.35,17.35,0
AZZ.TO,27-Apr-2018,0.24,0.24,0.24,0.24,0
BAD.TO,27-Apr-2018,24.73,24.84,24.39,24.46,211846
BAM.A.TO,27-Apr-2018,50.48,50.82,50.4,50.8,226336
BAM.PF.A.TO,27-Apr-2018,24.05,24.1,24.05,24.1,51577
BAM.PF.B.TO,27-Apr-2018,23.17,23.25,23.17,23.25,3400
BAM.PF.C.TO,27-Apr-2018,21.17,21.2,21.17,21.2,2328
BAM.PF.D.TO,27-Apr-2018,21.25,21.29,21.25,21.29,3700
BAM.PF.E.TO,27-Apr-2018,22.91,23.04,22.9,23.03,3400
BAM.PF.F.TO,27-Apr-2018,24.13,24.14,24.13,24.14,1600
BAM.PF.G.TO,27-Apr-2018,23.88,23.9,23.83,23.83,1210
BAM.PF.H.TO,27-Apr-2018,25.82,25.82,25.82,25.82,400
BAM.PF.I.TO,27-Apr-2018,26,26,26,26,0
BAM.PF.J.TO,27-Apr-2018,25.77,25.77,25.65,25.69,900
BAM.PR.B.TO,27-Apr-2018,16.46,16.66,16.46,16.66,6370
BAM.PR.C.TO,27-Apr-2018,16.53,16.7,16.53,16.7,3902
BAM.PR.E.TO,27-Apr-2018,21.18,21.18,21.18,21.18,700
BAM.PR.G.TO,27-Apr-2018,18.22,18.22,18.12,18.12,291700
BAM.PR.K.TO,27-Apr-2018,16.32,16.55,16.32,16.55,11900
BAM.PR.M.TO,27-Apr-2018,20.81,20.81,20.71,20.71,400
BAM.PR.N.TO,27-Apr-2018,20.62,20.68,20.6,20.6,3777
BAM.PR.R.TO,27-Apr-2018,19.95,20.03,19.94,20.03,31000
BAM.PR.S.TO,27-Apr-2018,19.95,19.95,19.95,19.95,100
BAM.PR.T.TO,27-Apr-2018,20.35,20.41,20.35,20.4,23891
BAM.PR.X.TO,27-Apr-2018,17.9,18.03,17.86,18,82208
BAM.PR.Z.TO,27-Apr-2018,24.27,24.3,24.24,24.3,60600
BAR.TO,27-Apr-2018,0.23,0.23,0.22,0.22,99500
BB.TO,27-Apr-2018,13.66,13.75,13.44,13.49,479118
BBD.A.TO,27-Apr-2018,4,4.03,3.97,3.99,24877
BBD.B.TO,27-Apr-2018,4.01,4.03,3.96,3.99,4802830
BBD.PR.B.TO,27-Apr-2018,12.21,12.21,12.2,12.2,2200
BBD.PR.C.TO,27-Apr-2018,19.5,19.59,19.45,19.47,4959
BBD.PR.D.TO,27-Apr-2018,12.4,12.4,12.4,12.4,0
BBU.UN.TO,27-Apr-2018,45.65,45.87,45.52,45.85,13741
BCB.TO,27-Apr-2018,18.64,18.74,18.54,18.68,30878
BCE.TO,27-Apr-2018,54.7,55.19,54.7,55.03,651391
BCE.PR.A.TO,27-Apr-2018,20.12,20.14,20.1,20.14,1100
BCE.PR.B.TO,27-Apr-2018,20.3,20.4,20.3,20.4,2350
BCE.PR.C.TO,27-Apr-2018,21.21,21.21,21.19,21.2,1650
BCE.PR.D.TO,27-Apr-2018,20.42,20.45,20.35,20.45,5543
BCE.PR.E.TO,27-Apr-2018,20.4,20.42,20.4,20.4,7100
BCE.PR.F.TO,27-Apr-2018,20.2,20.2,20.2,20.2,0
BCE.PR.G.TO,27-Apr-2018,19.75,19.81,19.75,19.81,6555
BCE.PR.H.TO,27-Apr-2018,20.39,20.45,20.39,20.45,3154
BCE.PR.I.TO,27-Apr-2018,19.6,19.6,19.6,19.6,300
BCE.PR.J.TO,27-Apr-2018,20.41,20.44,20.41,20.44,1001
BCE.PR.K.TO,27-Apr-2018,19.35,19.36,19.22,19.34,12438
BCE.PR.L.TO,27-Apr-2018,19.24,19.24,19.24,19.24,0
BCE.PR.M.TO,27-Apr-2018,19.79,19.8,19.72,19.73,600
BCE.PR.N.TO,27-Apr-2018,20.56,20.56,20.56,20.56,0
BCE.PR.O.TO,27-Apr-2018,24.87,24.87,24.87,24.87,0
BCE.PR.Q.TO,27-Apr-2018,24.3,24.3,24.3,24.3,900
BCE.PR.R.TO,27-Apr-2018,20.67,20.67,20.66,20.66,700
BCE.PR.S.TO,27-Apr-2018,20.32,20.43,20.32,20.43,200
BCE.PR.Y.TO,27-Apr-2018,20.39,20.43,20.39,20.43,1300
BCI.TO,27-Apr-2018,33.24,33.25,32.5,32.5,540
BDI.TO,27-Apr-2018,2.53,2.53,2.5,2.5,6450
BDT.TO,27-Apr-2018,8.35,8.41,8.26,8.4,39675
BEI.UN.TO,27-Apr-2018,44.79,46.26,44.79,46.25,54283
BEK.B.TO,27-Apr-2018,14.75,14.8,14.75,14.8,1368
BEP.PR.E.TO,27-Apr-2018,23.24,23.24,23.24,23.24,0
BEP.PR.G.TO,27-Apr-2018,25.33,25.33,25.33,25.33,200
BEP.PR.I.TO,27-Apr-2018,25.65,25.65,25.65,25.65,0
BEP.PR.K.TO,27-Apr-2018,25.01,25.03,24.95,24.95,2500
BEP.PR.M.TO,27-Apr-2018,24.9,24.94,24.89,24.94,4702
BEP.UN.TO,27-Apr-2018,38.55,38.81,38.52,38.66,61753
BGI.UN.TO,27-Apr-2018,6.17,6.2,6.13,6.2,51988
BGU.TO,27-Apr-2018,20.27,20.27,20.27,20.27,0
BGU.U.TO,27-Apr-2018,15.7,15.7,15.7,15.7,0
BIP.PR.A.TO,27-Apr-2018,24.46,24.48,24.45,24.48,800
BIP.PR.B.TO,27-Apr-2018,25.72,25.75,25.67,25.67,7950
BIP.PR.C.TO,27-Apr-2018,25.53,25.53,25.53,25.53,100
BIP.PR.D.TO,27-Apr-2018,25.1,25.15,25.08,25.1,10700
BIP.PR.E.TO,27-Apr-2018,25,25,24.92,25,7051
BIP.UN.TO,27-Apr-2018,52.7,52.89,52.37,52.56,48920
BIR.TO,27-Apr-2018,4.58,4.67,4.54,4.56,2598721
BIR.PR.A.TO,27-Apr-2018,25.38,25.38,25.38,25.38,0
BIR.PR.C.TO,27-Apr-2018,25.04,25.05,25.04,25.05,1900
BK.TO,27-Apr-2018,13.06,13.2,13.06,13.15,1619
BK.PR.A.TO,27-Apr-2018,10.16,10.16,10.16,10.16,0
BKI.TO,27-Apr-2018,0.09,0.09,0.09,0.09,5000
BKL.F.TO,27-Apr-2018,18.93,18.93,18.93,18.93,100
BKX.TO,27-Apr-2018,0.57,0.57,0.57,0.57,40000
BL.UN.TO,27-Apr-2018,9.85,9.86,9.85,9.86,1000
BLB.UN.TO,27-Apr-2018,9.83,9.83,9.83,9.83,2000
BLCK.TO,27-Apr-2018,19,19,19,19,500
BLDP.TO,27-Apr-2018,4.24,4.29,4.16,4.22,73234
BLU.TO,27-Apr-2018,0.49,0.5,0.49,0.5,7554
BLX.TO,27-Apr-2018,22.99,23.34,22.98,23.23,62490
BLX.DB.A.TO,27-Apr-2018,119,119,119,119,0
BMO.TO,27-Apr-2018,98.02,98.59,98.01,98.51,493652
BMO.PR.B.TO,27-Apr-2018,26.14,26.24,26.14,26.24,6465
BMO.PR.C.TO,27-Apr-2018,25.48,25.59,25.48,25.59,2600
BMO.PR.D.TO,27-Apr-2018,25.3,25.39,25.25,25.25,8990
BMO.PR.M.TO,27-Apr-2018,25.03,25.05,25.03,25.05,1100
BMO.PR.Q.TO,27-Apr-2018,22.65,22.7,22.64,22.7,5299
BMO.PR.R.TO,27-Apr-2018,24.96,24.96,24.96,24.96,100
BMO.PR.S.TO,27-Apr-2018,23.51,23.66,23.51,23.66,4977
BMO.PR.T.TO,27-Apr-2018,22.74,22.8,22.74,22.79,20704
BMO.PR.W.TO,27-Apr-2018,22.7,22.75,22.7,22.75,3229
BMO.PR.Y.TO,27-Apr-2018,24.54,24.54,24.54,24.54,0
BMO.PR.Z.TO,27-Apr-2018,24.88,24.88,24.88,24.88,1000
BNC.TO,27-Apr-2018,22.35,22.35,22.35,22.35,500
BNE.TO,27-Apr-2018,15.84,15.95,15.56,15.61,60503
BNG.TO,27-Apr-2018,0.16,0.16,0.14,0.14,2588
BNP.TO,27-Apr-2018,1.59,1.62,1.53,1.53,928770
BNS.TO,27-Apr-2018,78.61,79.32,78.61,79.21,893483
BNS.PR.B.TO,27-Apr-2018,24.82,24.85,24.81,24.85,16200
BNS.PR.C.TO,27-Apr-2018,24.91,24.91,24.91,24.91,0
BNS.PR.D.TO,27-Apr-2018,23.85,23.85,23.85,23.85,100
BNS.PR.E.TO,27-Apr-2018,26.25,26.27,26.25,26.27,26500
BNS.PR.F.TO,27-Apr-2018,23.47,23.47,23.47,23.47,100
BNS.PR.G.TO,27-Apr-2018,26.3,26.39,26.3,26.39,61314
BNS.PR.H.TO,27-Apr-2018,25.95,25.96,25.95,25.96,2400
BNS.PR.Q.TO,27-Apr-2018,24.97,24.97,24.97,24.97,100
BNS.PR.R.TO,27-Apr-2018,25.14,25.17,25.04,25.17,6200
BNS.PR.Y.TO,27-Apr-2018,23.81,23.81,23.81,23.81,100
BNS.PR.Z.TO,27-Apr-2018,23.22,23.26,23.22,23.26,6200
BOS.TO,27-Apr-2018,14.11,14.11,14.1,14.1,465
BPF.UN.TO,27-Apr-2018,20.31,20.45,20.15,20.42,7676
BPO.PR.A.TO,27-Apr-2018,22.92,22.93,22.73,22.73,400
BPO.PR.C.TO,27-Apr-2018,25.8,25.8,25.8,25.8,0
BPO.PR.E.TO,27-Apr-2018,24.94,24.95,24.93,24.93,6700
BPO.PR.G.TO,27-Apr-2018,24.16,24.21,24.16,24.16,1400
BPO.PR.I.TO,27-Apr-2018,23.95,24.17,23.74,23.9,128300
BPO.PR.N.TO,27-Apr-2018,20.57,20.57,20.56,20.56,300
BPO.PR.P.TO,27-Apr-2018,20.56,20.64,20.56,20.64,669
BPO.PR.R.TO,27-Apr-2018,22.31,22.34,22.24,22.34,2052
BPO.PR.S.TO,27-Apr-2018,22.5,22.5,22.5,22.5,100
BPO.PR.T.TO,27-Apr-2018,22.5,22.5,22.5,22.5,601
BPO.PR.Y.TO,27-Apr-2018,15.25,15.31,15.25,15.3,7112
BPS.PR.B.TO,27-Apr-2018,25.02,25.04,25.01,25.04,300
BPS.PR.C.TO,27-Apr-2018,25.16,25.16,25.16,25.16,0
BPS.PR.U.TO,27-Apr-2018,25.45,25.59,25.45,25.59,2648
BPY.UN.TO,27-Apr-2018,24.98,25.27,24.98,25.1,45781
BR.TO,27-Apr-2018,4.85,4.89,4.75,4.83,2100
BRB.TO,27-Apr-2018,4.04,4.19,4.04,4.1,36929
BRE.TO,27-Apr-2018,17.01,17.35,17.01,17.35,1500
BRF.PR.A.TO,27-Apr-2018,21.87,21.91,21.87,21.91,2438
BRF.PR.B.TO,27-Apr-2018,22.2,22.2,22.2,22.2,0
BRF.PR.C.TO,27-Apr-2018,24,24,23.97,23.97,900
BRF.PR.E.TO,27-Apr-2018,21.25,21.25,21.23,21.23,500
BRF.PR.F.TO,27-Apr-2018,21.15,21.16,21.15,21.15,1818
BRIO.TO,27-Apr-2018,2.6,2.61,2.54,2.54,20780
BRY.TO,27-Apr-2018,0.54,0.54,0.54,0.54,0
BSC.TO,27-Apr-2018,24.99,25,24.99,24.99,350
BSD.UN.TO,27-Apr-2018,0.99,1,0.99,1,1500
BSE.UN.TO,27-Apr-2018,4.44,4.45,4.44,4.45,5600
BSO.UN.TO,27-Apr-2018,4.65,4.65,4.65,4.65,400
BSX.TO,27-Apr-2018,0.31,0.31,0.29,0.29,307644
BTB.DB.F.TO,27-Apr-2018,102.99,102.99,102.99,102.99,39000
BTB.UN.TO,27-Apr-2018,4.61,4.63,4.61,4.63,25158
BTE.TO,27-Apr-2018,5.58,5.74,5.39,5.55,5972766
BTO.TO,27-Apr-2018,3.68,3.73,3.68,3.7,799977
BU.TO,27-Apr-2018,0.63,0.68,0.63,0.68,36979
BXE.TO,27-Apr-2018,1.95,1.96,1.88,1.93,159125
BXF.TO,27-Apr-2018,10.06,10.07,10.06,10.07,15915
BYD.UN.TO,27-Apr-2018,108.62,109.98,108.62,109.88,4880
BYL.TO,27-Apr-2018,3.38,3.41,3.37,3.4,5425
CAE.TO,27-Apr-2018,24.45,24.47,24.26,24.38,85235
CAGG.TO,27-Apr-2018,47.91,47.91,47.91,47.91,0
CAL.TO,27-Apr-2018,12.45,12.49,12.4,12.4,8150
CAR.UN.TO,27-Apr-2018,37.17,37.4,37.17,37.26,53432
CARA.TO,27-Apr-2018,27.22,27.5,27.15,27.41,5221
CARS.TO,27-Apr-2018,20.15,20.15,20.01,20.09,1668
CAS.TO,27-Apr-2018,12.79,12.83,12.68,12.78,93077
CBD.TO,27-Apr-2018,21.6,21.64,21.6,21.64,2545
CBH.TO,27-Apr-2018,18.55,18.57,18.55,18.57,4862
CBL.TO,27-Apr-2018,6.9,7.15,6.83,6.94,37888
CBN.TO,27-Apr-2018,21.15,21.15,21.15,21.15,250
CBO.TO,27-Apr-2018,18.33,18.34,18.33,18.33,15533
CBT.UN.TO,27-Apr-2018,9.47,9.47,9.47,9.47,0
CCA.TO,27-Apr-2018,68.61,69.4,68.27,68.96,88294
CCI.UN.TO,27-Apr-2018,5.52,5.64,5.52,5.64,2600
CCL.B.TO,27-Apr-2018,62.83,63.56,62.6,63.24,52553
CCM.TO,27-Apr-2018,0.07,0.07,0.07,0.07,0
CCO.TO,27-Apr-2018,13.22,13.42,12.74,13.22,1431487
CCS.PR.C.TO,27-Apr-2018,23.25,23.25,23.25,23.25,0
CCX.TO,27-Apr-2018,11.31,11.31,11.31,11.31,0
CCZ.TO,27-Apr-2018,0.18,0.18,0.18,0.18,0
CDAY.TO,27-Apr-2018,40.21,40.21,38.28,38.85,14363
CDH.TO,27-Apr-2018,0.7,0.7,0.7,0.7,2900
CDV.TO,27-Apr-2018,0.48,0.48,0.48,0.48,36500
CDZ.TO,27-Apr-2018,25.29,25.31,25.25,25.29,10333
CEE.TO,27-Apr-2018,2.77,2.77,2.77,2.77,650
CEF.TO,27-Apr-2018,17.18,17.21,17.15,17.15,8004
CEF.U.TO,27-Apr-2018,13.35,13.35,13.35,13.35,0
CERV.TO,27-Apr-2018,14.14,14.14,13.75,13.75,5838
CES.TO,27-Apr-2018,23.82,23.82,23.82,23.82,10000
CES.B.TO,27-Apr-2018,25.92,25.92,25.92,25.92,0
CET.TO,27-Apr-2018,1.59,1.6,1.59,1.6,2948
CEU.TO,27-Apr-2018,6.25,6.32,6.23,6.25,180988
CEW.TO,27-Apr-2018,12.6,12.64,12.6,12.64,1828
CF.TO,27-Apr-2018,6.02,6.12,5.97,6.09,87675
CF.PR.A.TO,27-Apr-2018,15.01,15.01,15,15,700
CF.PR.C.TO,27-Apr-2018,17.82,17.82,17.82,17.82,0
CFF.TO,27-Apr-2018,6.75,6.76,6.43,6.46,8883
CFP.TO,27-Apr-2018,29.9,29.9,29,29.27,98240
CFW.TO,27-Apr-2018,6.55,6.59,6.36,6.44,338535
CFX.TO,27-Apr-2018,18.24,18.29,18.02,18.22,65527
CG.TO,27-Apr-2018,7.86,7.91,7.82,7.89,247611
CGAC.UN.TO,27-Apr-2018,2.94,3,2.94,3,1600
CGG.TO,27-Apr-2018,2.56,2.65,2.56,2.62,36700
CGI.TO,27-Apr-2018,23.3,23.3,23.3,23.3,112
CGL.TO,27-Apr-2018,11.34,11.38,11.31,11.38,4013
CGL.C.TO,27-Apr-2018,14.91,14.91,14.91,14.91,1676
CGO.TO,27-Apr-2018,65.71,66.45,65.71,66.32,2900
CGR.TO,27-Apr-2018,27.59,27.6,27.59,27.6,1052
CGT.TO,27-Apr-2018,0.32,0.32,0.31,0.32,40780
CGX.TO,27-Apr-2018,30.41,30.53,29.94,29.97,115542
CGX.DB.A.TO,27-Apr-2018,100.3,100.3,100.3,100.3,0
CGY.TO,27-Apr-2018,30.3,30.3,30.25,30.25,1100
CHB.TO,27-Apr-2018,18.54,18.65,18.54,18.63,5122
CHE.DB.B.TO,27-Apr-2018,101.26,101.26,101.25,101.25,15000
CHE.DB.C.TO,27-Apr-2018,99.5,99.5,99.49,99.5,25000
CHE.DB.D.TO,27-Apr-2018,96.4,96.5,96.4,96.5,40000
CHE.UN.TO,27-Apr-2018,14.81,14.91,14.61,14.79,73604
CHH.TO,27-Apr-2018,0.47,0.48,0.47,0.48,18415
CHP.UN.TO,27-Apr-2018,11.67,11.67,11.51,11.54,224589
CHR.TO,27-Apr-2018,8.09,8.09,7.97,8.02,331318
CHW.TO,27-Apr-2018,10.7,10.7,10.54,10.54,7861
CIA.TO,27-Apr-2018,1.2,1.21,1.18,1.2,100900
CIC.TO,27-Apr-2018,11.76,11.79,11.76,11.79,4300
CIF.TO,27-Apr-2018,24.18,24.18,24.17,24.17,1342
CIGI.TO,27-Apr-2018,88.3,88.3,87.75,87.96,14160
CIX.TO,27-Apr-2018,26.94,27.27,26.94,27.19,85039
CJ.TO,27-Apr-2018,5.26,5.29,5.25,5.25,597135
CJR.B.TO,27-Apr-2018,6.34,6.35,6.29,6.3,143927
CJT.TO,27-Apr-2018,65.03,66.36,65.03,65.26,8887
CJT.DB.C.TO,27-Apr-2018,124.27,124.27,124.27,124.27,0
CKE.TO,27-Apr-2018,0.21,0.21,0.21,0.21,77329
CKI.TO,27-Apr-2018,11.44,11.45,11.44,11.45,1900
CLF.TO,27-Apr-2018,17.78,17.8,17.78,17.8,6611
CLG.TO,27-Apr-2018,18.18,18.18,18.18,18.18,0
CLQ.TO,27-Apr-2018,0.95,0.95,0.92,0.94,8100
CLR.TO,27-Apr-2018,5.33,5.61,5.32,5.39,514511
CLS.TO,27-Apr-2018,14.24,14.67,14.07,14.31,432047
CM.TO,27-Apr-2018,112.27,112.47,111.85,112.12,479787
CM.PR.O.TO,27-Apr-2018,22.75,22.84,22.75,22.82,3525
CM.PR.P.TO,27-Apr-2018,22.57,22.6,22.57,22.59,523
CM.PR.Q.TO,27-Apr-2018,24.21,24.31,24.19,24.3,2648
CM.PR.R.TO,27-Apr-2018,25.01,25.1,25.01,25.1,48338
CM.PR.S.TO,27-Apr-2018,24.36,24.4,24.36,24.4,2078
CMED.TO,27-Apr-2018,29.54,29.74,28.88,29,22140
CMG.TO,27-Apr-2018,9.58,9.75,9.58,9.7,8475
CMH.TO,27-Apr-2018,4.55,4.55,4.55,4.55,2600
CMMC.TO,27-Apr-2018,1.33,1.33,1.27,1.27,186881
CMR.TO,27-Apr-2018,50.01,50.01,50,50.01,5224
CNE.TO,27-Apr-2018,4.37,4.39,4.31,4.36,65800
CNL.TO,27-Apr-2018,3.63,3.63,3.51,3.54,100515
CNQ.TO,27-Apr-2018,46.22,46.95,45.78,46.11,1324125
CNR.TO,27-Apr-2018,100.01,100.79,99.79,100.65,501988
COG.TO,27-Apr-2018,0.86,0.86,0.85,0.85,37600
COM.TO,27-Apr-2018,2.72,2.72,2.67,2.67,11940
CONA.TO,27-Apr-2018,2.53,2.53,2.52,2.53,2103
COP.TO,27-Apr-2018,0.09,0.09,0.09,0.09,12000
COW.TO,27-Apr-2018,40,40,40,40,150
CP.TO,27-Apr-2018,234.91,237.71,234.91,237.45,122356
CPD.TO,27-Apr-2018,13.97,14.03,13.95,14.02,22272
CPG.TO,27-Apr-2018,11.47,11.61,11.3,11.42,2455783
CPH.TO,27-Apr-2018,3.75,3.75,3.7,3.72,9694
CPI.TO,27-Apr-2018,0.58,0.58,0.58,0.58,0
CPX.TO,27-Apr-2018,24.39,24.48,24.21,24.42,102955
CPX.PR.A.TO,27-Apr-2018,17.03,17.08,17.03,17.08,1800
CPX.PR.C.TO,27-Apr-2018,22.85,22.85,22.84,22.85,1700
CPX.PR.E.TO,27-Apr-2018,22.3,22.35,22.3,22.35,3600
CPX.PR.G.TO,27-Apr-2018,25.65,25.68,25.65,25.65,5200
CPX.PR.I.TO,27-Apr-2018,25.3,25.35,25.3,25.35,1913
CQE.TO,27-Apr-2018,0.06,0.06,0.05,0.06,755845
CR.TO,27-Apr-2018,2.65,2.69,2.59,2.63,241464
CRH.TO,27-Apr-2018,3.65,3.67,3.57,3.62,124713
CRP.TO,27-Apr-2018,4.06,4.06,4.06,4.06,0
CRR.DB.E.TO,27-Apr-2018,102.5,102.5,102.5,102.5,22000
CRR.UN.TO,27-Apr-2018,12.31,12.37,12.24,12.35,35450
CRT.UN.TO,27-Apr-2018,12.87,13,12.81,12.97,9634
CRWN.TO,27-Apr-2018,10.1,10.1,10.1,10.1,0
CS.TO,27-Apr-2018,1.15,1.16,1.13,1.13,206643
CSD.TO,27-Apr-2018,17.74,17.74,17.73,17.74,4079
CSE.PR.A.TO,27-Apr-2018,13.42,13.42,13.4,13.4,2400
CSH.UN.TO,27-Apr-2018,14.95,15.05,14.95,15.02,82664
CSM.TO,27-Apr-2018,0.07,0.07,0.07,0.07,0
CSU.TO,27-Apr-2018,900.35,927,896.39,919.06,26479
CSU.DB.TO,27-Apr-2018,121.99,122,121.99,122,18000
CSW.A.TO,27-Apr-2018,19.69,19.99,19.69,19.76,3364
CSW.B.TO,27-Apr-2018,19.01,19.01,19,19,1100
CSY.TO,27-Apr-2018,20.66,20.66,20.66,20.66,0
CTC.TO,27-Apr-2018,250,250,250,250,465
CTC.A.TO,27-Apr-2018,172.72,176.06,172.03,175.03,120819
CTF.UN.TO,27-Apr-2018,3.35,3.35,3.33,3.33,300
CTX.TO,27-Apr-2018,0.42,0.42,0.42,0.42,0
CU.TO,27-Apr-2018,33.33,33.53,33.12,33.24,185328
CU.PR.C.TO,27-Apr-2018,21.74,21.74,21.74,21.74,200
CU.PR.D.TO,27-Apr-2018,23.36,23.44,23.35,23.4,1600
CU.PR.E.TO,27-Apr-2018,23.18,23.27,23.13,23.25,3700
CU.PR.F.TO,27-Apr-2018,21.25,21.25,21.25,21.25,100
CU.PR.G.TO,27-Apr-2018,21.21,21.28,21.15,21.15,3000
CU.PR.H.TO,27-Apr-2018,24.76,24.76,24.76,24.76,0
CU.PR.I.TO,27-Apr-2018,25.89,26.03,25.88,26.03,2800
CU.X.TO,27-Apr-2018,33.2,33.47,33.15,33.15,3300
CUD.TO,27-Apr-2018,39.67,39.94,39.67,39.94,5034
CUF.UN.TO,27-Apr-2018,12.4,12.49,12.39,12.48,103781
CUP.U.TO,27-Apr-2018,13.25,13.25,13.25,13.25,0
CVD.TO,27-Apr-2018,18.35,18.55,18.35,18.54,900
CVE.TO,27-Apr-2018,12.88,12.96,12.74,12.82,1825901
CVG.TO,27-Apr-2018,43,43,43,43,1500
CWB.TO,27-Apr-2018,34.34,34.6,34.34,34.47,55784
CWB.PR.B.TO,27-Apr-2018,23.98,24,23.89,24,4600
CWB.PR.C.TO,27-Apr-2018,26.55,26.55,26.55,26.55,1754
CWI.TO,27-Apr-2018,1.91,1.91,1.9,1.9,2000
CWL.TO,27-Apr-2018,1.14,1.14,1.14,1.14,31400
CWW.TO,27-Apr-2018,33.51,33.61,33.5,33.61,736
CWX.TO,27-Apr-2018,6.63,6.73,6.55,6.66,119368
CXF.TO,27-Apr-2018,9.82,9.82,9.82,9.82,0
CXI.TO,27-Apr-2018,30,30,30,30,900
CXN.TO,27-Apr-2018,0.15,0.15,0.15,0.15,145000
CXR.TO,27-Apr-2018,0.62,0.62,0.6,0.62,22225
CYB.TO,27-Apr-2018,56.5,56.5,55.01,55.5,11001
CYBR.TO,27-Apr-2018,24.35,24.35,24.03,24.03,827
CYBR.B.TO,27-Apr-2018,25.7,25.7,25.7,25.7,0
CYH.TO,27-Apr-2018,19.65,19.9,19.65,19.9,2759
CZN.TO,27-Apr-2018,0.13,0.13,0.13,0.13,45350
D.UN.TO,27-Apr-2018,23.49,23.75,23.49,23.73,44304
DBO.TO,27-Apr-2018,0.23,0.24,0.23,0.23,84103
DC.A.TO,27-Apr-2018,2.09,2.09,2.07,2.07,8148
DC.PR.B.TO,27-Apr-2018,11.43,11.43,11.43,11.43,0
DC.PR.E.TO,27-Apr-2018,24.51,24.51,24.51,24.51,0
DCF.TO,27-Apr-2018,3.25,3.29,3.25,3.29,1000
DCG.TO,27-Apr-2018,19.27,19.27,19.27,19.27,0
DCM.TO,27-Apr-2018,1.81,1.81,1.8,1.8,350
DCP.TO,27-Apr-2018,20.19,20.19,20.19,20.19,0
DCS.TO,27-Apr-2018,19.44,19.44,19.44,19.44,0
DEE.TO,27-Apr-2018,1.02,1.02,0.99,1,290480
DEE.NT.TO,27-Apr-2018,100,100,100,100,250000
DEE.WT.TO,27-Apr-2018,0.58,0.58,0.58,0.58,0
DF.TO,27-Apr-2018,5.57,5.87,5.57,5.81,84733
DF.PR.A.TO,27-Apr-2018,10.08,10.08,10,10.08,4300
DFC.TO,27-Apr-2018,20.29,20.29,20.29,20.29,0
DFD.TO,27-Apr-2018,21.42,21.42,21.42,21.42,0
DFN.TO,27-Apr-2018,10.59,10.59,10.53,10.54,32082
DFN.PR.A.TO,27-Apr-2018,10.17,10.17,10.15,10.16,5700
DFU.TO,27-Apr-2018,21.17,21.17,21.17,21.17,0
DGC.TO,27-Apr-2018,11.5,11.55,9.87,10.05,7561546
DGR.TO,27-Apr-2018,24.89,24.89,24.89,24.89,0
DGR.B.TO,27-Apr-2018,24.49,24.51,24.46,24.46,3458
DGRC.TO,27-Apr-2018,26.41,26.41,26.41,26.41,0
DGS.TO,27-Apr-2018,7,7.03,6.85,7.03,79469
DGS.PR.A.TO,27-Apr-2018,10.15,10.17,10.14,10.17,4900
DHX.A.TO,27-Apr-2018,3.6,3.6,3.6,3.6,700
DHX.B.TO,27-Apr-2018,3.59,3.62,3.58,3.6,26800
DIAM.TO,27-Apr-2018,0.21,0.21,0.2,0.2,197632
DII.A.TO,27-Apr-2018,27.03,27.03,27.03,27.03,0
DII.B.TO,27-Apr-2018,28.05,28.15,27.79,27.89,3971
DII.DB.U.TO,27-Apr-2018,100.5,100.5,100.5,100.5,10000
DIR.DB.TO,27-Apr-2018,100.75,100.75,100.75,100.75,50000
DIR.UN.TO,27-Apr-2018,10,10.09,10,10.05,49502
DIV.TO,27-Apr-2018,3.27,3.29,3.25,3.29,55541
DIV.DB.TO,27-Apr-2018,99.99,99.99,99.99,99.99,0
DIVS.TO,27-Apr-2018,20.66,20.66,20.66,20.66,400
DLR.TO,27-Apr-2018,12.83,12.83,12.81,12.81,47685
DLR.U.TO,27-Apr-2018,9.96,9.97,9.96,9.97,23491
DML.TO,27-Apr-2018,0.6,0.6,0.59,0.6,144209
DNA.TO,27-Apr-2018,1.1,1.1,1.01,1.02,54188
DNG.TO,27-Apr-2018,1.91,1.92,1.89,1.89,3700
DNT.TO,27-Apr-2018,0.09,0.09,0.09,0.09,2000
DOL.TO,27-Apr-2018,147.5,149.46,147.5,149.13,178829
DOO.TO,27-Apr-2018,53.47,54.19,53.21,53.47,81553
DPM.TO,27-Apr-2018,3.28,3.32,3.28,3.3,90000
DQD.TO,27-Apr-2018,24.53,24.53,24.53,24.53,0
DQI.TO,27-Apr-2018,23.72,23.72,23.72,23.72,100
DR.TO,27-Apr-2018,14.01,14.34,13.97,14.21,68502
DR.DB.A.TO,27-Apr-2018,100.75,101,100.75,101,222000
DRA.UN.TO,27-Apr-2018,6.28,6.28,6.25,6.26,29600
DRG.UN.TO,27-Apr-2018,13.62,13.74,13.54,13.68,120408
DRM.TO,27-Apr-2018,9.42,9.63,9.42,9.62,48589
DRM.PR.A.TO,27-Apr-2018,7.35,7.36,7.35,7.36,2900
DRT.TO,27-Apr-2018,5.59,5.6,5.54,5.59,133346
DRX.TO,27-Apr-2018,1.79,1.91,1.79,1.91,5500
DS.TO,27-Apr-2018,8.36,8.36,8.2,8.2,12830
DSG.TO,27-Apr-2018,38.23,38.23,37.93,38.05,27564
DSL.UN.TO,27-Apr-2018,9.14,9.3,9.14,9.3,4500
DXC.TO,27-Apr-2018,21.61,21.61,21.61,21.61,100
DXF.TO,27-Apr-2018,22.75,22.75,22.75,22.75,0
DXG.TO,27-Apr-2018,25.95,25.95,25.81,25.88,2700
DXI.TO,27-Apr-2018,0.07,0.07,0.06,0.06,21500
DXM.TO,27-Apr-2018,9.99,9.99,9.99,9.99,0
DXP.TO,27-Apr-2018,21.82,21.82,21.76,21.77,2969
DXU.TO,27-Apr-2018,25.72,25.72,25.72,25.72,200
E.TO,27-Apr-2018,0.56,0.56,0.55,0.56,13500
EBC.UN.TO,27-Apr-2018,7.63,7.63,7.63,7.63,0
ECA.TO,27-Apr-2018,16.26,16.43,15.93,16.02,1735448
ECF.UN.TO,27-Apr-2018,9.85,9.86,9.85,9.86,2755
ECI.TO,27-Apr-2018,17.46,17.5,17.34,17.44,55059
ECN.TO,27-Apr-2018,3.43,3.45,3.4,3.42,225338
ECN.PR.A.TO,27-Apr-2018,23.8,23.8,23.58,23.58,889
ECN.PR.C.TO,27-Apr-2018,22.09,22.09,21.99,22,1560
ECO.TO,27-Apr-2018,1.7,1.71,1.69,1.71,6800
ECS.TO,27-Apr-2018,1.39,1.4,1.37,1.39,127679
ECS.WT.TO,27-Apr-2018,0.22,0.22,0.22,0.22,0
EDGF.UN.TO,27-Apr-2018,9.59,9.65,9.56,9.56,5400
EDR.TO,27-Apr-2018,3.88,3.92,3.88,3.9,107600
EDT.TO,27-Apr-2018,0.34,0.34,0.33,0.34,25500
EDV.TO,27-Apr-2018,21.62,22.55,21.6,22.2,187893
EF.UN.TO,27-Apr-2018,9.43,9.43,9.43,9.43,2500
EFH.TO,27-Apr-2018,12.06,12.06,12.04,12.04,230
EFL.TO,27-Apr-2018,0.21,0.21,0.2,0.21,39275
EFN.TO,27-Apr-2018,4.95,4.98,4.91,4.94,413750
EFN.DB.TO,27-Apr-2018,97,97,97,97,32000
EFN.DB.A.TO,27-Apr-2018,92,92,92,92,88998
EFN.PR.A.TO,27-Apr-2018,20.4,20.4,20.4,20.4,300
EFN.PR.C.TO,27-Apr-2018,20.31,20.31,20.25,20.29,2450
EFN.PR.E.TO,27-Apr-2018,19.34,19.4,19.33,19.36,2125
EFN.PR.G.TO,27-Apr-2018,20.11,20.18,20.1,20.18,2500
EFN.PR.I.TO,27-Apr-2018,19.07,19.07,19,19,1600
EFR.TO,27-Apr-2018,2.29,2.32,2.27,2.31,104625
EFX.TO,27-Apr-2018,15.96,16.01,15.69,15.7,52528
EGL.TO,27-Apr-2018,0.41,0.41,0.39,0.39,29500
EHE.TO,27-Apr-2018,25.4,25.4,25.4,25.4,0
EIF.TO,27-Apr-2018,31.28,31.35,30.8,31.17,22216
EIF.DB.F.TO,27-Apr-2018,103.25,103.5,103,103,30000
EIF.DB.G.TO,27-Apr-2018,107,107,107,107,0
EIF.DB.H.TO,27-Apr-2018,101.74,101.75,101.74,101.75,7000
EIF.DB.I.TO,27-Apr-2018,100.5,100.5,100.25,100.25,22000
EIT.PR.A.TO,27-Apr-2018,25.45,25.45,25.45,25.45,0
EIT.PR.B.TO,27-Apr-2018,25,25.01,25,25,3000
EIT.UN.TO,27-Apr-2018,11.62,11.65,11.6,11.63,45088
ELD.TO,27-Apr-2018,1.19,1.23,1.16,1.23,2692648
ELF.TO,27-Apr-2018,803,803,803,803,249
ELF.PR.F.TO,27-Apr-2018,24.17,24.17,24.15,24.15,200
ELF.PR.G.TO,27-Apr-2018,22.5,22.52,22.5,22.51,1400
ELF.PR.H.TO,27-Apr-2018,24.76,24.76,24.76,24.76,450
EMA.TO,27-Apr-2018,40.89,41.29,40.81,41.13,253678
EMA.PR.A.TO,27-Apr-2018,18.77,18.77,18.77,18.77,0
EMA.PR.B.TO,27-Apr-2018,18.65,18.65,18.65,18.65,100
EMA.PR.C.TO,27-Apr-2018,23.6,23.6,23.55,23.59,2100
EMA.PR.E.TO,27-Apr-2018,21.37,21.37,21.37,21.37,100
EMA.PR.F.TO,27-Apr-2018,23.58,23.62,23.58,23.62,1200
EML.PR.A.TO,27-Apr-2018,26.04,26.04,26.02,26.02,600
EMP.A.TO,27-Apr-2018,24.95,25.19,24.82,25.06,82692
ENB.TO,27-Apr-2018,38.2,38.2,37.78,38.04,2413139
ENB.PF.A.TO,27-Apr-2018,20.16,20.2,20.1,20.2,3550
ENB.PF.C.TO,27-Apr-2018,20,20.08,19.99,20.08,3711
ENB.PF.E.TO,27-Apr-2018,19.94,20,19.94,20,2900
ENB.PF.G.TO,27-Apr-2018,19.88,20.13,19.88,20.12,1600
ENB.PF.I.TO,27-Apr-2018,25.1,25.15,25.05,25.05,6800
ENB.PF.K.TO,27-Apr-2018,23.26,23.43,23.26,23.43,7700
ENB.PF.U.TO,27-Apr-2018,21.66,21.78,21.65,21.78,6830
ENB.PF.V.TO,27-Apr-2018,21.97,22,21.97,21.99,3900
ENB.PR.A.TO,27-Apr-2018,24.1,24.2,24.1,24.2,2000
ENB.PR.B.TO,27-Apr-2018,17.99,17.99,17.98,17.99,1000
ENB.PR.C.TO,27-Apr-2018,18.67,18.67,18.67,18.67,0
ENB.PR.D.TO,27-Apr-2018,19.02,19.1,19,19.1,106900
ENB.PR.F.TO,27-Apr-2018,19.42,19.49,19.36,19.48,62227
ENB.PR.H.TO,27-Apr-2018,18.04,18.04,18.02,18.02,636
ENB.PR.J.TO,27-Apr-2018,20,20.16,20,20.16,1180
ENB.PR.N.TO,27-Apr-2018,20,20.09,19.94,20.09,7250
ENB.PR.P.TO,27-Apr-2018,19.44,19.5,19.41,19.5,62902
ENB.PR.T.TO,27-Apr-2018,19.27,19.36,19.27,19.35,8979
ENB.PR.U.TO,27-Apr-2018,21.71,21.72,21.7,21.71,4700
ENB.PR.V.TO,27-Apr-2018,23.86,23.86,23.85,23.85,300
ENB.PR.Y.TO,27-Apr-2018,18.92,18.92,18.92,18.92,0
ENF.TO,27-Apr-2018,27.54,27.54,27.3,27.42,192056
ENGH.TO,27-Apr-2018,68.56,68.7,68,68,6381
ENT.TO,27-Apr-2018,0.19,0.19,0.19,0.19,1100
EPS.TO,27-Apr-2018,2.58,2.58,2.4,2.5,19200
EQB.TO,27-Apr-2018,56.96,57.22,56.17,56.83,20075
EQB.PR.C.TO,27-Apr-2018,25,25.01,25,25.01,300
ER.TO,27-Apr-2018,0.27,0.28,0.27,0.28,70500
ERD.TO,27-Apr-2018,0.4,0.4,0.39,0.39,101963
ERF.TO,27-Apr-2018,15.3,15.4,14.89,14.97,413306
ERM.TO,27-Apr-2018,9.7,9.7,9.7,9.7,0
ERO.TO,27-Apr-2018,8.13,8.13,8,8,364600
ESI.TO,27-Apr-2018,6.27,6.31,6.2,6.25,135777
ESM.TO,27-Apr-2018,1.42,1.53,1.42,1.45,30039
ESN.TO,27-Apr-2018,0.62,0.63,0.61,0.61,25906
ESP.TO,27-Apr-2018,1.84,1.84,1.83,1.83,800
ET.TO,27-Apr-2018,17.6,17.66,17.58,17.65,5008
ETAC.TO,27-Apr-2018,20.24,20.24,20.23,20.23,1150
ETG.TO,27-Apr-2018,0.47,0.47,0.47,0.47,4120
EUR.TO,27-Apr-2018,23.28,23.28,23.28,23.28,0
EVT.TO,27-Apr-2018,115.25,115.49,115.25,115.49,288
EXE.TO,27-Apr-2018,8.33,8.37,8.31,8.36,30172
EXE.DB.B.TO,27-Apr-2018,100.15,100.15,100.15,100.15,18000
EXE.DB.C.TO,27-Apr-2018,100.2,100.37,100,100.2,567000
EXF.TO,27-Apr-2018,4.7,4.78,4.7,4.74,1700
EXN.TO,27-Apr-2018,1.48,1.48,1.43,1.45,20980
FAH.U.TO,27-Apr-2018,13,13,12.99,13,4000
FAI.TO,27-Apr-2018,9.93,9.93,9.93,9.93,0
FAO.TO,27-Apr-2018,9.71,9.71,9.71,9.71,2000
FAO.U.TO,27-Apr-2018,9.67,9.67,9.67,9.67,0
FAP.TO,27-Apr-2018,4.41,4.45,4.41,4.44,15547
FAR.TO,27-Apr-2018,0.38,0.38,0.38,0.38,11000
FBU.TO,27-Apr-2018,26.37,26.37,26.37,26.37,203
FC.TO,27-Apr-2018,12.91,12.95,12.9,12.93,16452
FC.DB.B.TO,27-Apr-2018,100,100,100,100,0
FC.DB.C.TO,27-Apr-2018,100.2,100.2,100.2,100.2,0
FC.DB.E.TO,27-Apr-2018,100,100,100,100,0
FC.DB.F.TO,27-Apr-2018,99.95,99.95,99.95,99.95,30000
FC.DB.H.TO,27-Apr-2018,99.5,99.5,99.5,99.5,0
FCR.TO,27-Apr-2018,20.16,20.24,20.04,20.12,82867
FCS.UN.TO,27-Apr-2018,5.15,5.15,5.15,5.15,0
FCU.TO,27-Apr-2018,0.67,0.68,0.66,0.66,107131
FCW.B.TO,27-Apr-2018,20.77,20.77,20.77,20.77,0
FDE.TO,27-Apr-2018,17.28,17.28,17.28,17.28,0
FDV.TO,27-Apr-2018,9.43,9.43,9.43,9.43,0
FEC.TO,27-Apr-2018,39.45,39.45,39.14,39.3,3800
FF.TO,27-Apr-2018,0.49,0.51,0.49,0.5,128977
FFH.TO,27-Apr-2018,695.47,722.61,695.47,720.96,38329
FFH.PR.C.TO,27-Apr-2018,23.51,23.54,23.5,23.54,1300
FFH.PR.D.TO,27-Apr-2018,23.52,23.52,23.52,23.52,0
FFH.PR.E.TO,27-Apr-2018,18.87,18.89,18.87,18.89,1300
FFH.PR.F.TO,27-Apr-2018,18.81,18.81,18.81,18.81,0
FFH.PR.G.TO,27-Apr-2018,20.22,20.35,20.2,20.26,5100
FFH.PR.H.TO,27-Apr-2018,20.41,20.41,20.41,20.41,0
FFH.PR.I.TO,27-Apr-2018,21.12,21.13,21.1,21.13,4500
FFH.PR.J.TO,27-Apr-2018,21.19,21.19,21.19,21.19,0
FFH.PR.K.TO,27-Apr-2018,23.4,23.45,23.4,23.42,57500
FFH.PR.M.TO,27-Apr-2018,24.93,25,24.93,25,6700
FFI.UN.TO,27-Apr-2018,12.24,12.24,12.24,12.24,1600
FFN.TO,27-Apr-2018,8.9,8.91,8.86,8.91,3477
FFN.PR.A.TO,27-Apr-2018,10.1,10.1,10.1,10.1,740
FGB.TO,27-Apr-2018,18.84,18.84,18.84,18.84,0
FGE.TO,27-Apr-2018,3.19,3.2,3,3,700
FGE.DB.A.TO,27-Apr-2018,90.5,90.5,90.5,90.5,0
FGX.TO,27-Apr-2018,3.22,3.22,3.14,3.14,4600
FHB.TO,27-Apr-2018,9.35,9.35,9.35,9.35,0
FHG.TO,27-Apr-2018,27.17,27.17,27.17,27.17,0
FHQ.TO,27-Apr-2018,34.43,34.43,34.43,34.43,150
FIE.TO,27-Apr-2018,7.34,7.36,7.33,7.36,58951
FIG.TO,27-Apr-2018,10.81,10.82,10.81,10.82,5636
FIH.U.TO,27-Apr-2018,17.14,17.49,17,17.09,32879
FLB.TO,27-Apr-2018,19.03,19.03,19.03,19.03,0
FLCI.TO,27-Apr-2018,19.17,19.17,19.17,19.17,0
FLDM.TO,27-Apr-2018,19.66,19.66,19.66,19.66,0
FLEM.TO,27-Apr-2018,19.51,19.51,19.51,19.51,0
FLGD.TO,27-Apr-2018,19.57,19.57,19.57,19.57,1000
FLI.TO,27-Apr-2018,12.74,12.74,12.74,12.74,1167
FLRM.TO,27-Apr-2018,19.95,19.95,19.95,19.95,0
FLUS.TO,27-Apr-2018,21.26,21.26,21.26,21.26,0
FM.TO,27-Apr-2018,16.98,18.04,16.98,17.85,3426785
FN.TO,27-Apr-2018,26.21,26.38,26.21,26.3,1919
FN.PR.A.TO,27-Apr-2018,13.65,13.65,13.65,13.65,0
FN.PR.B.TO,27-Apr-2018,13.95,13.95,13.95,13.95,200
FNV.TO,27-Apr-2018,91.6,92.29,91.43,91.72,174080
FOOD.TO,27-Apr-2018,2.38,2.38,2.38,2.38,1000
FPR.TO,27-Apr-2018,22.33,22.33,22.33,22.33,498
FR.TO,27-Apr-2018,8.68,8.87,8.63,8.68,392821
FRII.TO,27-Apr-2018,6.62,6.84,6.62,6.78,9804
FRL.UN.TO,27-Apr-2018,9.44,9.44,9.4,9.41,32000
FRU.TO,27-Apr-2018,13.32,13.39,13.09,13.1,96253
FRX.TO,27-Apr-2018,15.97,15.97,15.82,15.82,421
FSB.TO,27-Apr-2018,9.89,9.9,9.89,9.9,74278
FSB.U.TO,27-Apr-2018,9.93,9.93,9.93,9.93,300
FSF.TO,27-Apr-2018,21.4,21.4,21.4,21.4,0
FSL.TO,27-Apr-2018,19.22,19.22,19.22,19.22,225
FST.TO,27-Apr-2018,33.53,33.53,33.53,33.53,100
FST.A.TO,27-Apr-2018,27.87,27.87,27.87,27.87,0
FSV.TO,27-Apr-2018,90.65,91.83,90.49,90.67,420575
FSY.TO,27-Apr-2018,0.1,0.1,0.1,0.1,700
FSZ.TO,27-Apr-2018,11.47,11.47,11.32,11.4,44317
FSZ.DB.TO,27-Apr-2018,102,102,101.75,101.75,126000
FT.TO,27-Apr-2018,0.26,0.26,0.26,0.26,373497
FTG.TO,27-Apr-2018,2.26,2.27,2.26,2.27,1300
FTN.TO,27-Apr-2018,10.27,10.31,10.25,10.29,90907
FTN.PR.A.TO,27-Apr-2018,10.07,10.07,10.05,10.06,36200
FTS.TO,27-Apr-2018,42.9,43.41,42.9,43.32,488611
FTS.PR.F.TO,27-Apr-2018,22.98,22.98,22.96,22.96,2125
FTS.PR.G.TO,27-Apr-2018,21.43,21.61,21.43,21.61,4300
FTS.PR.H.TO,27-Apr-2018,17.71,17.8,17.71,17.8,1200
FTS.PR.I.TO,27-Apr-2018,17.67,17.67,17.67,17.67,0
FTS.PR.J.TO,27-Apr-2018,22.3,22.4,22.3,22.35,2800
FTS.PR.K.TO,27-Apr-2018,21.62,21.7,21.62,21.69,1600
FTS.PR.M.TO,27-Apr-2018,23.35,23.52,23.35,23.52,5863
FTT.TO,27-Apr-2018,32.34,33.03,32.34,32.8,185606
FTU.TO,27-Apr-2018,0.89,0.89,0.89,0.89,1500
FTU.PR.B.TO,27-Apr-2018,8.71,8.71,8.7,8.7,1800
FUD.TO,27-Apr-2018,26.4,26.4,26.4,26.4,0
FUT.TO,27-Apr-2018,22.37,22.37,22.37,22.37,0
FVI.TO,27-Apr-2018,7.38,7.39,7.29,7.35,156808
FVL.TO,27-Apr-2018,0.09,0.09,0.09,0.09,43000
FXM.TO,27-Apr-2018,15.35,15.38,15.35,15.38,880
G.TO,27-Apr-2018,17.58,17.71,17.51,17.58,1084950
GBT.TO,27-Apr-2018,15.87,15.87,15.71,15.71,800
GC.TO,27-Apr-2018,36.22,36.22,35.89,35.99,67440
GCG.A.TO,27-Apr-2018,24.45,24.5,24.37,24.5,1000
GCL.TO,27-Apr-2018,0.6,0.62,0.6,0.61,6500
GCL.DB.A.TO,27-Apr-2018,76.5,76.51,76,76.5,41998
GCM.TO,27-Apr-2018,2.67,2.69,2.61,2.61,71816
GCM.DB.X.TO,27-Apr-2018,100,100,100,100,12000
GCS.PR.A.TO,27-Apr-2018,25.09,25.09,25.09,25.09,0
GDC.TO,27-Apr-2018,3.66,3.66,3.66,3.66,0
GDG.UN.TO,27-Apr-2018,12.63,12.63,12.63,12.63,0
GDI.TO,27-Apr-2018,17.2,17.2,17,17,2437
GDL.TO,27-Apr-2018,7.11,7.49,7.11,7.29,5320
GEI.TO,27-Apr-2018,16.4,16.58,16.39,16.44,84463
GEI.DB.TO,27-Apr-2018,102.52,102.52,102.52,102.52,0
GEN.TO,27-Apr-2018,0.09,0.09,0.09,0.09,118000
GEO.TO,27-Apr-2018,1.85,1.85,1.85,1.85,0
GGA.TO,27-Apr-2018,0.05,0.06,0.05,0.06,19500
GGD.TO,27-Apr-2018,0.43,0.43,0.43,0.43,62888
GH.TO,27-Apr-2018,10.71,10.75,10.71,10.75,3509
GIB.A.TO,27-Apr-2018,74.8,74.95,74.51,74.68,83132
GIL.TO,27-Apr-2018,38,38.49,37.95,38.18,334233
GLG.TO,27-Apr-2018,1.1,1.1,1.1,1.1,1000
GMO.TO,27-Apr-2018,0.48,0.48,0.48,0.48,0
GMP.TO,27-Apr-2018,3.17,3.24,3.15,3.21,32600
GMP.PR.B.TO,27-Apr-2018,12.07,12.09,12.07,12.09,400
GMP.PR.C.TO,27-Apr-2018,12.39,12.39,12.39,12.39,0
GMX.TO,27-Apr-2018,0.42,0.42,0.41,0.41,20999
GOOS.TO,27-Apr-2018,46.75,47.4,46.52,46.96,98590
GPR.TO,27-Apr-2018,1.59,1.6,1.58,1.59,16400
GPS.TO,27-Apr-2018,1.29,1.29,1.28,1.28,42726
GQM.TO,27-Apr-2018,0.21,0.22,0.21,0.21,117500
GRL.TO,27-Apr-2018,8.26,8.26,8.26,8.26,0
GRP.PR.A.TO,27-Apr-2018,25.76,25.76,25.76,25.76,0
GRT.UN.TO,27-Apr-2018,50.02,50.43,49.99,50.43,14527
GS.TO,27-Apr-2018,15.7,15.93,15.69,15.91,41213
GSC.TO,27-Apr-2018,0.92,0.93,0.92,0.92,43885
GSV.TO,27-Apr-2018,2.1,2.15,2.09,2.11,256837
GSY.TO,27-Apr-2018,37.01,37.5,37.01,37.27,7675
GSY.DB.TO,27-Apr-2018,103,103,103,103,0
GTE.TO,27-Apr-2018,4.21,4.26,4.18,4.2,363026
GTX.TO,27-Apr-2018,4.19,4.19,4.16,4.17,25200
GUD.TO,27-Apr-2018,8.05,8.05,7.86,7.96,35239
GUY.TO,27-Apr-2018,4.87,5.06,4.86,5.03,141250
GVC.TO,27-Apr-2018,0.7,0.7,0.7,0.7,0
GWO.TO,27-Apr-2018,34.22,34.45,34.19,34.25,124053
GWO.PR.F.TO,27-Apr-2018,25.7,25.7,25.7,25.7,0
GWO.PR.G.TO,27-Apr-2018,24.26,24.31,24.26,24.29,1500
GWO.PR.H.TO,27-Apr-2018,22.99,22.99,22.9,22.95,992
GWO.PR.I.TO,27-Apr-2018,21.37,21.37,21.35,21.35,500
GWO.PR.L.TO,27-Apr-2018,25.8,25.8,25.8,25.8,300
GWO.PR.M.TO,27-Apr-2018,26.18,26.25,26.16,26.25,3100
GWO.PR.N.TO,27-Apr-2018,18.86,18.86,18.8,18.8,4200
GWO.PR.O.TO,27-Apr-2018,19,19,19,19,0
GWO.PR.P.TO,27-Apr-2018,25.15,25.15,25.15,25.15,400
GWO.PR.Q.TO,27-Apr-2018,24.12,24.22,24.12,24.21,1450
GWO.PR.R.TO,27-Apr-2018,22.85,22.85,22.79,22.8,1900
GWO.PR.S.TO,27-Apr-2018,24.99,24.99,24.75,24.85,5849
GWO.PR.T.TO,27-Apr-2018,24.42,24.62,24.42,24.62,1700
GXE.TO,27-Apr-2018,0.94,0.94,0.92,0.92,328100
GXO.TO,27-Apr-2018,2.85,2.85,2.8,2.81,20600
H.TO,27-Apr-2018,20.53,20.6,20.42,20.45,353268
H.IR.TO,27-Apr-2018,28.85,29.25,28.5,28.5,247000
HAB.TO,27-Apr-2018,10.59,10.6,10.59,10.6,7005
HAC.TO,27-Apr-2018,19.56,19.56,19.56,19.56,275
HAF.TO,27-Apr-2018,7.98,7.98,7.98,7.98,3700
HAL.TO,27-Apr-2018,15.35,15.35,15.35,15.35,0
HARC.TO,27-Apr-2018,20.5,20.5,20.5,20.5,0
HAU.TO,27-Apr-2018,11.69,11.69,11.69,11.69,0
HAZ.TO,27-Apr-2018,20.38,20.4,20.38,20.4,14586
HBB.TO,27-Apr-2018,44.29,44.32,44.29,44.32,3486
HBC.TO,27-Apr-2018,9.01,9.11,8.98,9.06,56553
HBD.TO,27-Apr-2018,13.64,13.64,13.64,13.64,0
HBF.TO,27-Apr-2018,9.11,9.11,9.05,9.07,11373
HBF.U.TO,27-Apr-2018,9.37,9.38,9.37,9.38,6650
HBG.TO,27-Apr-2018,22.8,22.9,22.78,22.86,5100
HBLK.TO,27-Apr-2018,9.12,9.14,9.05,9.05,9544
HBM.TO,27-Apr-2018,9,9.09,8.86,8.99,1196204
HBU.TO,27-Apr-2018,8.59,8.61,8.59,8.6,19838
HCBB.TO,27-Apr-2018,19.98,19.98,19.98,19.98,0
HCG.TO,27-Apr-2018,14.23,14.39,14.12,14.33,113908
HCN.TO,27-Apr-2018,27.03,27.03,27.03,27.03,0
HDI.TO,27-Apr-2018,18.54,18.54,18.3,18.48,4575
HE.TO,27-Apr-2018,0.04,0.04,0.04,0.04,100000
HEA.TO,27-Apr-2018,14.7,14.7,14.7,14.7,0
HED.TO,27-Apr-2018,7.51,7.71,7.51,7.71,27644
HEE.TO,27-Apr-2018,11.8,11.8,11.72,11.73,5270
HEF.TO,27-Apr-2018,8.83,8.83,8.83,8.83,1168
HEJ.TO,27-Apr-2018,6.5,6.5,6.47,6.47,1788
HEP.TO,27-Apr-2018,23.57,23.61,23.55,23.61,1694
HERS.B.TO,27-Apr-2018,21.95,21.95,21.95,21.95,100
HEU.TO,27-Apr-2018,10.52,10.52,10.24,10.24,8100
HEW.TO,27-Apr-2018,13.97,13.97,13.97,13.97,0
HFD.TO,27-Apr-2018,5.29,5.29,5.29,5.29,300
HFMU.U.TO,27-Apr-2018,18.06,18.06,18.06,18.06,0
HFP.TO,27-Apr-2018,9.61,9.65,9.6,9.61,1164
HFR.TO,27-Apr-2018,10.03,10.03,10.02,10.03,5040
HFU.TO,27-Apr-2018,36.9,37.25,36.9,37.25,7783
HFY.TO,27-Apr-2018,16.79,16.79,16.75,16.77,10204
HFY.U.TO,27-Apr-2018,13.04,13.04,13.04,13.04,0
HGC.TO,27-Apr-2018,10.74,10.74,10.7,10.7,3300
HGD.TO,27-Apr-2018,9.52,9.57,9.41,9.51,92875
HGI.UN.TO,27-Apr-2018,9.06,9.06,9.06,9.06,0
HGR.TO,27-Apr-2018,9.32,9.32,9.32,9.32,0
HGU.TO,27-Apr-2018,11.7,11.79,11.6,11.69,207518
HGY.TO,27-Apr-2018,5.02,5.02,5.02,5.02,0
HHF.TO,27-Apr-2018,14.27,14.27,14.27,14.27,700
HHL.TO,27-Apr-2018,8.11,8.11,8.06,8.09,16333
HHL.U.TO,27-Apr-2018,8.06,8.08,8.06,8.07,7300
HIG.TO,27-Apr-2018,8.67,8.67,8.67,8.67,1000
HII.TO,27-Apr-2018,12.66,12.66,12.66,12.66,0
HIU.TO,27-Apr-2018,28.16,28.16,28.14,28.14,203
HIX.TO,27-Apr-2018,6.33,6.33,6.32,6.32,55500
HLC.TO,27-Apr-2018,6.04,6.04,6.04,6.04,3600
HLC.DB.TO,27-Apr-2018,98.24,98.25,98.24,98.25,18000
HLC.DB.A.TO,27-Apr-2018,100.5,100.5,100.5,100.5,20000
HLF.TO,27-Apr-2018,11.15,11.2,11.07,11.14,44710
HMM.A.TO,27-Apr-2018,2.31,2.31,2.31,2.31,0
HMMJ.TO,27-Apr-2018,16.19,16.25,16.01,16.04,109851
HMMJ.U.TO,27-Apr-2018,12.66,12.66,12.66,12.66,0
HMP.TO,27-Apr-2018,9.72,9.72,9.71,9.71,2694
HND.TO,27-Apr-2018,14.28,14.49,14.28,14.42,315363
HNL.TO,27-Apr-2018,2.35,2.35,2.33,2.34,85896
HNU.TO,27-Apr-2018,3.76,3.76,3.69,3.71,778908
HOD.TO,27-Apr-2018,5.34,5.35,5.26,5.27,588064
HOG.TO,27-Apr-2018,8.57,8.57,8.5,8.5,600
HOT.DB.U.TO,27-Apr-2018,96,96.5,96,96.5,16000
HOT.U.TO,27-Apr-2018,6.34,6.4,6.34,6.4,3800
HOT.UN.TO,27-Apr-2018,8.17,8.17,8.11,8.14,29684
HOU.TO,27-Apr-2018,10.45,10.6,10.42,10.57,570556
HPF.TO,27-Apr-2018,5.4,5.4,5.39,5.4,6325
HPR.TO,27-Apr-2018,9.5,9.52,9.49,9.52,58520
HPS.A.TO,27-Apr-2018,9.72,9.72,9.72,9.72,0
HQD.TO,27-Apr-2018,7.89,8.15,7.88,8.09,92370
HQU.TO,27-Apr-2018,59.66,59.68,57.63,58.12,59439
HR.UN.TO,27-Apr-2018,20.45,20.64,20.45,20.63,137704
HRA.TO,27-Apr-2018,10.25,10.25,10.25,10.25,0
HRES.TO,27-Apr-2018,19.14,19.14,19.14,19.14,1800
HRR.UN.TO,27-Apr-2018,9.95,9.95,9.95,9.95,400
HRT.TO,27-Apr-2018,0.41,0.42,0.4,0.41,200806
HRX.TO,27-Apr-2018,14.75,14.75,14.7,14.7,10258
HSD.TO,27-Apr-2018,4.37,4.41,4.36,4.37,55977
HSE.TO,27-Apr-2018,17.47,18,17.43,17.63,1540020
HSE.PR.A.TO,27-Apr-2018,17.47,17.55,17.47,17.55,2400
HSE.PR.B.TO,27-Apr-2018,18.25,18.26,18.25,18.25,3120
HSE.PR.C.TO,27-Apr-2018,24.69,24.71,24.65,24.65,400
HSE.PR.E.TO,27-Apr-2018,24.99,25,24.91,24.91,1000
HSE.PR.G.TO,27-Apr-2018,25.29,25.3,25.29,25.3,400
HSH.TO,27-Apr-2018,63.39,63.6,63.39,63.6,1514
HSL.TO,27-Apr-2018,9.77,9.77,9.77,9.77,200
HSM.TO,27-Apr-2018,10.51,10.75,10.21,10.21,17100
HSM.WT.TO,27-Apr-2018,1.4,1.4,1.4,1.4,0
HSU.TO,27-Apr-2018,50.5,50.6,49.96,50.49,24735
HTA.TO,27-Apr-2018,10.18,10.18,10.1,10.12,3604
HTA.U.TO,27-Apr-2018,10.01,10.01,10.01,10.01,1000
HTB.TO,27-Apr-2018,50.65,50.65,50.65,50.65,0
HTO.UN.TO,27-Apr-2018,9.51,9.51,9.51,9.51,300
HUBL.TO,27-Apr-2018,18.64,18.64,18.64,18.64,0
HUC.TO,27-Apr-2018,14.02,14.02,14.02,14.02,353
HUN.TO,27-Apr-2018,5.64,5.64,5.64,5.64,400
HUV.TO,27-Apr-2018,7.34,7.55,7.3,7.38,17313
HUZ.TO,27-Apr-2018,9.06,9.06,9.04,9.04,1200
HVI.TO,27-Apr-2018,2.16,2.17,2.14,2.16,41004
HVU.TO,27-Apr-2018,23.21,24.99,23,24.2,112358
HWF.UN.TO,27-Apr-2018,9.64,9.64,9.64,9.64,0
HWO.TO,27-Apr-2018,3.97,4.03,3.96,3.98,73890
HXD.TO,27-Apr-2018,6.05,6.07,6.03,6.04,93598
HXDM.TO,27-Apr-2018,33.84,33.85,33.84,33.85,818
HXE.TO,27-Apr-2018,21.13,21.14,21.13,21.14,5299
HXF.TO,27-Apr-2018,40.26,40.26,40.26,40.26,0
HXH.TO,27-Apr-2018,31,31,31,31,0
HXQ.TO,27-Apr-2018,48.25,48.25,48.25,48.25,401
HXS.TO,27-Apr-2018,64.86,64.86,64.45,64.64,3243
HXT.TO,27-Apr-2018,32.51,32.61,32.51,32.58,84638
HXT.U.TO,27-Apr-2018,25.28,25.28,25.28,25.28,0
HXU.TO,27-Apr-2018,34.23,34.4,34.19,34.27,40019
HXX.TO,27-Apr-2018,32.05,32.05,32.05,32.05,0
HYD.TO,27-Apr-2018,0.12,0.12,0.12,0.12,6000
HYG.TO,27-Apr-2018,10.4,10.4,10.4,10.4,0
HYI.TO,27-Apr-2018,9.91,9.93,9.9,9.9,6837
HZD.TO,27-Apr-2018,6.33,6.33,6.33,6.33,400
HZU.TO,27-Apr-2018,13.88,13.92,13.76,13.8,71535
IAG.TO,27-Apr-2018,54.1,55.03,54.1,54.87,130093
IAG.PR.G.TO,27-Apr-2018,23.63,23.64,23.53,23.64,2700
IAG.PR.I.TO,27-Apr-2018,25.2,25.3,25.2,25.2,8700
IAM.TO,27-Apr-2018,1.54,1.54,1.54,1.54,1500
IBG.TO,27-Apr-2018,7.21,7.23,7.2,7.2,17172
IBG.DB.C.TO,27-Apr-2018,101,101,101,101,7000
IBG.DB.D.TO,27-Apr-2018,104,104,104,104,4000
IBR.TO,27-Apr-2018,0.49,0.49,0.49,0.49,9000
IDG.TO,27-Apr-2018,18.82,18.87,18.82,18.87,733
IDR.UN.TO,27-Apr-2018,12.88,12.88,12.88,12.88,0
IFA.TO,27-Apr-2018,3.29,3.29,3.29,3.29,100
IFB.UN.TO,27-Apr-2018,8.57,8.57,8.57,8.57,3000
IFC.TO,27-Apr-2018,97.62,98.69,97.54,98.1,78590
IFC.PR.A.TO,27-Apr-2018,19.99,19.99,19.99,19.99,0
IFC.PR.C.TO,27-Apr-2018,22.72,22.8,22.72,22.75,600
IFC.PR.D.TO,27-Apr-2018,23.25,23.25,23.24,23.24,500
IFC.PR.E.TO,27-Apr-2018,24.63,24.63,24.56,24.56,1000
IFC.PR.F.TO,27-Apr-2018,25,25.08,25,25.08,4700
IFL.UN.TO,27-Apr-2018,7.72,7.72,7.72,7.72,9300
IFP.TO,27-Apr-2018,24.3,24.58,24,24.17,348036
IGCF.TO,27-Apr-2018,19.32,19.32,19.32,19.32,0
IGM.TO,27-Apr-2018,39.57,39.95,39.55,39.66,166306
IGM.PR.B.TO,27-Apr-2018,25.35,25.48,25.35,25.48,693
III.TO,27-Apr-2018,2.19,2.19,2.08,2.09,51520
IIP.UN.TO,27-Apr-2018,9.97,10.09,9.96,10.08,223735
ILV.TO,27-Apr-2018,23.41,23.41,23.41,23.41,0
IMG.TO,27-Apr-2018,7.04,7.2,7.03,7.1,429841
IMO.TO,27-Apr-2018,39.06,40.47,39.06,39.71,1082279
IMP.TO,27-Apr-2018,0.44,0.44,0.44,0.44,0
IMV.TO,27-Apr-2018,1.98,2.13,1.91,2.13,147033
IN.TO,27-Apr-2018,1.17,1.17,1.1,1.12,228682
INC.UN.TO,27-Apr-2018,15.5,15.5,15.48,15.48,600
INE.TO,27-Apr-2018,13.47,13.66,13.45,13.65,96393
INE.DB.A.TO,27-Apr-2018,102.8,102.8,102.8,102.8,0
INE.PR.A.TO,27-Apr-2018,18.2,18.2,18.2,18.2,0
INE.PR.C.TO,27-Apr-2018,23.54,23.54,23.23,23.23,3000
INO.UN.TO,27-Apr-2018,10.23,10.26,10.16,10.25,8500
INOC.TO,27-Apr-2018,10.22,10.22,10.22,10.22,1600
INQ.TO,27-Apr-2018,1.93,1.93,1.92,1.92,565
INSR.TO,27-Apr-2018,22.38,22.38,22.38,22.38,304
INV.TO,27-Apr-2018,0.54,0.54,0.54,0.54,0
IPCI.TO,27-Apr-2018,0.45,0.45,0.43,0.44,8000
IPCO.TO,27-Apr-2018,6.16,6.21,6.15,6.15,1764
IPL.TO,27-Apr-2018,23.2,23.33,23.04,23.16,239561
IPO.TO,27-Apr-2018,1.63,1.65,1.63,1.64,30800
IQD.B.TO,27-Apr-2018,23.81,23.81,23.81,23.81,0
IRON.TO,27-Apr-2018,0.31,0.32,0.31,0.32,54270
ISL.UN.TO,27-Apr-2018,8.97,8.97,8.95,8.95,14800
ISV.TO,27-Apr-2018,16.62,16.91,16.62,16.76,2700
ITC.TO,27-Apr-2018,1.29,1.35,1.28,1.35,9708
ITH.TO,27-Apr-2018,0.83,0.84,0.83,0.84,2000
ITP.TO,27-Apr-2018,19.88,20.03,19.73,19.88,154783
ITX.TO,27-Apr-2018,15.98,15.98,15.98,15.98,700
IVN.TO,27-Apr-2018,2.8,2.8,2.64,2.64,706800
IVQ.DB.U.TO,27-Apr-2018,97,97,97,97,10000
IVQ.U.TO,27-Apr-2018,8.62,8.74,8.61,8.7,9058
JAG.TO,27-Apr-2018,0.34,0.35,0.34,0.35,34045
JE.TO,27-Apr-2018,5.29,5.35,5.27,5.3,111967
JE.DB.C.TO,27-Apr-2018,100,100.25,100,100.25,74000
JE.DB.D.TO,27-Apr-2018,96,96.48,96,96,74000
JE.PR.U.TO,27-Apr-2018,23.5,23.5,23.5,23.5,0
JFS.UN.TO,27-Apr-2018,13.73,13.75,13.71,13.71,4150
JOY.TO,27-Apr-2018,1.82,1.99,1.82,1.95,5800
JWEL.TO,27-Apr-2018,22.8,23.09,22.78,22.87,17969
K.TO,27-Apr-2018,5.06,5.11,5.05,5.08,611795
KAT.TO,27-Apr-2018,0.98,1.02,0.95,0.99,945276
KBL.TO,27-Apr-2018,35.88,35.88,35.61,35.75,1850
KDX.TO,27-Apr-2018,3.13,3.17,3.11,3.13,95528
KEG.UN.TO,27-Apr-2018,18.01,18.04,17.86,17.9,2250
KEL.TO,27-Apr-2018,8.16,8.27,8.11,8.16,155038
KER.TO,27-Apr-2018,0.23,0.24,0.23,0.24,61820
KEW.TO,27-Apr-2018,6,6.14,6,6.14,5100
KEW.WT.TO,27-Apr-2018,0.5,0.5,0.5,0.5,500
KEY.TO,27-Apr-2018,35.08,35.33,34.76,35.01,202908
KFS.TO,27-Apr-2018,5.96,5.96,5.24,5.24,600
KL.TO,27-Apr-2018,21.34,21.85,21.34,21.8,279826
KLS.TO,27-Apr-2018,0.8,0.8,0.8,0.8,0
KML.TO,27-Apr-2018,16.73,16.76,16.59,16.65,98701
KML.PR.A.TO,27-Apr-2018,24.87,24.87,24.63,24.76,9300
KML.PR.C.TO,27-Apr-2018,24.89,24.89,24.77,24.85,8144
KMP.UN.TO,27-Apr-2018,13.91,14.1,13.91,14.1,66300
KOR.TO,27-Apr-2018,2.68,2.68,2.63,2.65,24377
KPT.TO,27-Apr-2018,10.5,10.64,10.5,10.61,7800
KRN.TO,27-Apr-2018,0.4,0.4,0.4,0.4,10000
KWH.UN.TO,27-Apr-2018,7.73,7.73,7.5,7.58,53326
KXS.TO,27-Apr-2018,82.71,83.91,82.4,82.56,21496
L.TO,27-Apr-2018,65.63,66.21,65.58,65.97,115578
L.PR.B.TO,27-Apr-2018,24.96,24.96,24.9,24.9,1200
LAC.TO,27-Apr-2018,6.63,6.7,6.53,6.55,79434
LAM.TO,27-Apr-2018,0.34,0.34,0.34,0.34,4100
LAS.A.TO,27-Apr-2018,257.24,262.34,257.24,261.94,2770
LB.TO,27-Apr-2018,49.58,49.88,49.55,49.79,38338
LB.PR.H.TO,27-Apr-2018,22.4,22.4,22.4,22.4,0
LB.PR.J.TO,27-Apr-2018,25.76,25.85,25.76,25.85,6200
LBS.TO,27-Apr-2018,9.8,9.86,9.8,9.85,16794
LBS.PR.A.TO,27-Apr-2018,10.11,10.11,10.11,10.11,3900
LCS.TO,27-Apr-2018,6.91,6.91,6.85,6.85,2093
LCS.PR.A.TO,27-Apr-2018,10.15,10.15,10.15,10.15,1000
LEAF.TO,27-Apr-2018,20.79,20.79,19.69,19.9,200055
LFE.TO,27-Apr-2018,4.94,4.97,4.92,4.96,24400
LFE.PR.B.TO,27-Apr-2018,10.27,10.27,10.21,10.23,5633
LFX.TO,27-Apr-2018,1.35,1.35,1.35,1.35,0
LGD.TO,27-Apr-2018,0.42,0.42,0.42,0.42,2500
LGO.TO,27-Apr-2018,1.8,1.81,1.78,1.78,58927
LGQ.TO,27-Apr-2018,0.01,0.02,0.01,0.02,11332
LGQ.DB.A.TO,27-Apr-2018,88,91.6,88,91.6,400
LGT.B.TO,27-Apr-2018,49.5,49.5,49.5,49.5,0
LIF.TO,27-Apr-2018,22.29,22.5,22.04,22.23,61533
LINK.TO,27-Apr-2018,17.45,17.45,17.45,17.45,0
LIQ.TO,27-Apr-2018,10.46,10.5,10.2,10.32,45379
LIQ.DB.B.TO,27-Apr-2018,102.5,102.5,101.65,101.65,1969000
LMC.TO,27-Apr-2018,2.76,2.76,2.71,2.73,57050
LN.TO,27-Apr-2018,0.09,0.09,0.09,0.09,15000
LNF.TO,27-Apr-2018,16.99,17,16.99,17,200
LNR.TO,27-Apr-2018,72.79,73.16,72.2,72.74,33620
LRT.UN.TO,27-Apr-2018,0.02,0.02,0.02,0.02,1000
LS.UN.TO,27-Apr-2018,9.6,9.6,9.55,9.6,8679
LUC.TO,27-Apr-2018,2.11,2.14,2.07,2.08,163742
LUG.TO,27-Apr-2018,4.92,4.93,4.9,4.92,20566
LUN.TO,27-Apr-2018,8.04,8.33,8.04,8.26,1345758
LVN.TO,27-Apr-2018,0.25,0.26,0.25,0.25,33600
LXR.TO,27-Apr-2018,2,2,1.95,1.99,9376
LYD.TO,27-Apr-2018,0.42,0.43,0.42,0.43,95500
MAG.TO,27-Apr-2018,14.46,14.53,14.34,14.37,148894
MAL.TO,27-Apr-2018,19.37,19.45,19.33,19.4,3975
MAR.TO,27-Apr-2018,0.52,0.52,0.51,0.51,77001
MAW.TO,27-Apr-2018,0.33,0.33,0.33,0.33,3000
MAX.TO,27-Apr-2018,0.94,0.96,0.91,0.91,145432
MAXR.TO,27-Apr-2018,58.56,59.05,57.98,58.01,47816
MBA.TO,27-Apr-2018,0.75,0.75,0.75,0.75,0
MBK.UN.TO,27-Apr-2018,13.26,13.26,13.26,13.26,0
MBN.TO,27-Apr-2018,6.08,6.08,6.08,6.08,0
MBX.TO,27-Apr-2018,0.29,0.29,0.29,0.29,68500
MCB.TO,27-Apr-2018,1.37,1.37,1.32,1.32,10543
MDF.TO,27-Apr-2018,10.69,10.69,10.69,10.69,300
MDI.TO,27-Apr-2018,6.51,6.61,6.35,6.53,51089
MDNA.TO,27-Apr-2018,1.6,1.6,1.6,1.6,0
MDS.UN.TO,27-Apr-2018,10.82,10.82,10.82,10.82,0
ME.TO,27-Apr-2018,0.14,0.14,0.14,0.14,19800
MEE.TO,27-Apr-2018,25.25,25.25,25.25,25.25,600
MEG.TO,27-Apr-2018,6.52,6.6,6.46,6.51,493331
MEQ.TO,27-Apr-2018,40.4,40.6,40.4,40.6,900
MEU.TO,27-Apr-2018,23.37,23.37,23.37,23.37,0
MFC.TO,27-Apr-2018,24.43,24.62,24.41,24.43,847429
MFC.PR.B.TO,27-Apr-2018,21.83,21.83,21.75,21.75,1622
MFC.PR.C.TO,27-Apr-2018,21.15,21.17,21.14,21.14,1473
MFC.PR.F.TO,27-Apr-2018,18.7,18.79,18.7,18.72,2400
MFC.PR.G.TO,27-Apr-2018,24.5,24.56,24.5,24.5,1985
MFC.PR.H.TO,27-Apr-2018,25.11,25.18,25.11,25.14,1500
MFC.PR.I.TO,27-Apr-2018,24.83,25,24.83,24.99,16605
MFC.PR.J.TO,27-Apr-2018,24.97,24.98,24.9,24.93,9469
MFC.PR.K.TO,27-Apr-2018,22.87,22.88,22.77,22.88,900
MFC.PR.L.TO,27-Apr-2018,22.51,23.09,22.51,22.69,1300
MFC.PR.M.TO,27-Apr-2018,22.93,23.09,22.93,23.09,3700
MFC.PR.N.TO,27-Apr-2018,23.38,23.38,22.72,22.89,1500
MFC.PR.O.TO,27-Apr-2018,26.65,26.65,26.65,26.65,1505
MFC.PR.P.TO,27-Apr-2018,19.21,19.8,19.21,19.8,300
MFC.PR.Q.TO,27-Apr-2018,25.11,25.11,25.11,25.11,200
MFC.PR.R.TO,27-Apr-2018,26.15,26.2,26.12,26.18,6900
MFI.TO,27-Apr-2018,31.72,31.83,31.53,31.55,47939
MFR.UN.TO,27-Apr-2018,8.58,8.63,8.56,8.61,20716
MFT.TO,27-Apr-2018,21.52,21.52,21.52,21.52,30425
MG.TO,27-Apr-2018,76.75,77.11,76.24,76.74,433033
MGA.TO,27-Apr-2018,0.15,0.15,0.15,0.15,113000
MGB.TO,27-Apr-2018,19.61,19.61,19.57,19.59,3086
MIC.TO,27-Apr-2018,40.85,40.97,40.72,40.93,32851
MID.UN.TO,27-Apr-2018,6.97,6.97,6.91,6.93,8600
MIN.TO,27-Apr-2018,1.4,1.4,1.37,1.38,89596
MIND.TO,27-Apr-2018,25.12,25.12,25.12,25.12,221
MINT.B.TO,27-Apr-2018,28.14,28.14,28.14,28.14,0
MIVG.TO,27-Apr-2018,20.18,20.18,20.18,20.18,0
MKB.TO,27-Apr-2018,19.87,19.87,19.87,19.87,0
MKC.TO,27-Apr-2018,22.32,22.32,22.32,22.32,342
MKP.TO,27-Apr-2018,18.12,18.13,18.1,18.12,2545
MKZ.UN.TO,27-Apr-2018,0.97,0.97,0.97,0.97,0
MLD.UN.TO,27-Apr-2018,10.65,10.66,10.65,10.66,1300
MMP.UN.TO,27-Apr-2018,1.99,1.99,1.95,1.95,2402
MND.TO,27-Apr-2018,0.22,0.22,0.21,0.21,246550
MNR.TO,27-Apr-2018,0.19,0.19,0.19,0.19,0
MNS.TO,27-Apr-2018,12.69,12.69,12.68,12.68,500
MNT.TO,27-Apr-2018,17.9,17.9,17.9,17.9,6900
MNT.U.TO,27-Apr-2018,13.89,13.89,13.87,13.87,9000
MNW.TO,27-Apr-2018,14.35,14.4,14.33,14.33,47894
MOGO.TO,27-Apr-2018,3.45,3.45,3.41,3.44,11715
MOZ.TO,27-Apr-2018,0.91,0.91,0.88,0.89,53075
MPC.TO,27-Apr-2018,3.43,3.43,3.4,3.4,640
MPC.C.TO,27-Apr-2018,3.2,3.2,3.2,3.2,0
MPCF.TO,27-Apr-2018,20.04,20.04,20.04,20.04,1000
MPVD.TO,27-Apr-2018,3.18,3.19,3.11,3.11,291551
MQI.UN.TO,27-Apr-2018,9.16,9.16,9.16,9.16,0
MR.DB.TO,27-Apr-2018,101,101,101,101,0
MR.DB.A.TO,27-Apr-2018,100.6,100.6,100.6,100.6,5000
MR.UN.TO,27-Apr-2018,8.24,8.25,8.21,8.25,1150
MRC.TO,27-Apr-2018,164.39,164.39,163.98,163.98,1261
MRD.TO,27-Apr-2018,14.4,14.46,14.38,14.46,300
MRE.TO,27-Apr-2018,15.72,15.87,15.61,15.71,40939
MRG.DB.A.TO,27-Apr-2018,100.2,100.25,100.2,100.25,58000
MRG.UN.TO,27-Apr-2018,14.11,14.11,13.92,13.92,15550
MRT.DB.TO,27-Apr-2018,101,101,101,101,22000
MRT.UN.TO,27-Apr-2018,13.22,13.32,13.22,13.27,7548
MRU.TO,27-Apr-2018,41.05,41.67,41.05,41.39,157869
MSI.TO,27-Apr-2018,25.15,25.46,25.1,25.28,17436
MSI.DB.A.TO,27-Apr-2018,112,112,112,112,25000
MSV.TO,27-Apr-2018,0.75,0.75,0.75,0.75,0
MTL.TO,27-Apr-2018,14.63,14.63,14.3,14.44,149803
MTY.TO,27-Apr-2018,46.69,46.85,46.42,46.77,12686
MUB.TO,27-Apr-2018,20.82,20.82,20.8,20.82,7418
MULC.B.TO,27-Apr-2018,27.17,27.17,27.17,27.17,0
MUMC.B.TO,27-Apr-2018,27.32,27.32,27.32,27.32,0
MUS.TO,27-Apr-2018,24.66,24.66,24.66,24.66,700
MUX.TO,27-Apr-2018,2.67,2.69,2.65,2.66,86154
MWD.TO,27-Apr-2018,23.45,23.45,23.45,23.45,0
MX.TO,27-Apr-2018,80.02,80.28,77.39,78.13,189267
MXF.TO,27-Apr-2018,13.88,13.88,13.8,13.8,403
MXG.TO,27-Apr-2018,2.44,2.44,2.44,2.44,200
MXU.TO,27-Apr-2018,23.33,23.35,23.3,23.35,3600
NA.TO,27-Apr-2018,61,61.42,60.75,61.31,443904
NA.PR.A.TO,27-Apr-2018,26.09,26.09,26,26.03,13700
NA.PR.C.TO,27-Apr-2018,25.2,25.25,25.2,25.23,2400
NA.PR.E.TO,27-Apr-2018,24.61,24.65,24.61,24.65,4200
NA.PR.S.TO,27-Apr-2018,22.89,22.97,22.86,22.97,1084
NA.PR.W.TO,27-Apr-2018,22.46,22.46,22.46,22.46,0
NA.PR.X.TO,27-Apr-2018,26.15,26.17,26.15,26.17,2229
NAF.UN.TO,27-Apr-2018,20.85,20.85,20.85,20.85,0
NAL.TO,27-Apr-2018,1.28,1.28,1.27,1.27,71100
NB.TO,27-Apr-2018,0.57,0.57,0.57,0.57,11100
NCC.A.TO,27-Apr-2018,13.29,13.29,13.29,13.29,0
NCD.UN.TO,27-Apr-2018,6.95,6.95,6.95,6.95,0
NCP.TO,27-Apr-2018,0.26,0.26,0.26,0.26,34000
NCU.TO,27-Apr-2018,0.67,0.7,0.67,0.7,16200
NDM.TO,27-Apr-2018,1.11,1.14,1.1,1.1,65850
NEO.TO,27-Apr-2018,17.59,17.7,17.51,17.51,2800
NEPT.TO,27-Apr-2018,3.6,3.6,3.51,3.52,8984
NEW.A.TO,27-Apr-2018,39.5,39.5,39.5,39.5,0
NEW.PR.D.TO,27-Apr-2018,32.12,32.12,32.12,32.12,0
NEXA.TO,27-Apr-2018,22.37,22.37,22.37,22.37,0
NEXT.TO,27-Apr-2018,0.1,0.11,0.1,0.11,426900
NFI.TO,27-Apr-2018,58.29,59.28,58.22,59.16,89825
NG.TO,27-Apr-2018,6.08,6.15,6.05,6.1,31300
NGD.TO,27-Apr-2018,3.01,3.13,3.01,3.1,1212816
NGQ.TO,27-Apr-2018,1.1,1.1,1.1,1.1,28847
NHK.TO,27-Apr-2018,0.62,0.63,0.62,0.63,63500
NIF.UN.TO,27-Apr-2018,1.27,1.44,1.27,1.39,363441
NKO.TO,27-Apr-2018,0.07,0.07,0.07,0.07,0
NLN.TO,27-Apr-2018,1.05,1.05,1.05,1.05,300600
NML.TO,27-Apr-2018,0.09,0.09,0.09,0.09,32823
NMX.TO,27-Apr-2018,1.27,1.31,1.26,1.27,511837
NMX.WT.TO,27-Apr-2018,0.39,0.39,0.38,0.39,5400
NOA.TO,27-Apr-2018,7.26,7.5,7.26,7.47,1770
NPF.UN.TO,27-Apr-2018,22.81,22.81,22.81,22.81,1500
NPI.TO,27-Apr-2018,23.03,23.37,22.95,23.28,556087
NPI.DB.B.TO,27-Apr-2018,106.96,106.96,106.96,106.96,0
NPI.DB.C.TO,27-Apr-2018,110.5,110.5,110.5,110.5,0
NPI.PR.A.TO,27-Apr-2018,19.42,19.54,19.42,19.5,2600
NPI.PR.B.TO,27-Apr-2018,19.5,19.5,19.5,19.5,500
NPK.TO,27-Apr-2018,0.76,0.76,0.76,0.76,1000
NRGY.UN.TO,27-Apr-2018,6.11,6.11,6.11,6.11,0
NRI.TO,27-Apr-2018,3.2,3.2,3.2,3.2,0
NSU.TO,27-Apr-2018,3.47,3.64,3.47,3.58,845468
NTR.TO,27-Apr-2018,59.85,60.4,59.15,59.43,374546
NUS.TO,27-Apr-2018,0.23,0.23,0.22,0.23,123427
NVA.TO,27-Apr-2018,8.53,8.55,8.41,8.44,184661
NVCN.TO,27-Apr-2018,0.06,0.06,0.05,0.05,1658425
NVU.DB.TO,27-Apr-2018,107,107,107,107,0
NVU.UN.TO,27-Apr-2018,25.03,25.2,24.96,25.14,17225
NWC.TO,27-Apr-2018,27.81,27.95,27.68,27.68,33641
NWH.DB.TO,27-Apr-2018,102,102,102,102,0
NWH.DB.C.TO,27-Apr-2018,101.75,101.75,101.75,101.75,0
NWH.DB.E.TO,27-Apr-2018,101.6,101.62,101.6,101.62,41000
NWH.DB.F.TO,27-Apr-2018,101.8,101.8,101.8,101.8,0
NWH.UN.TO,27-Apr-2018,11.11,11.17,11.06,11.16,49819
NXE.TO,27-Apr-2018,2.6,2.64,2.56,2.57,370775
NXF.TO,27-Apr-2018,8.72,8.74,8.72,8.73,2506
NXF.B.TO,27-Apr-2018,9.41,9.41,9.39,9.39,5200
NXJ.TO,27-Apr-2018,2.42,2.42,2.42,2.42,2000
OBE.TO,27-Apr-2018,1.52,1.52,1.44,1.45,425418
OCS.UN.TO,27-Apr-2018,6.7,6.81,6.7,6.81,10200
OGC.TO,27-Apr-2018,3.45,3.49,3.41,3.44,549656
OLY.TO,27-Apr-2018,32.25,32.25,32.25,32.25,0
OMI.TO,27-Apr-2018,0.09,0.09,0.09,0.09,4000
ONC.TO,27-Apr-2018,0.63,0.63,0.62,0.63,57715
ONC.WT.TO,27-Apr-2018,0.28,0.28,0.28,0.28,0
ONEQ.TO,27-Apr-2018,24.88,25.03,24.88,25.03,1322
ONEX.TO,27-Apr-2018,93.52,94.57,93.52,94.43,32023
OPS.TO,27-Apr-2018,0.94,0.94,0.94,0.94,1200
OPT.TO,27-Apr-2018,50.05,50.05,50.05,50.05,110
OR.TO,27-Apr-2018,12.49,12.83,12.49,12.8,132917
OR.DB.TO,27-Apr-2018,100,100,100,100,68000
OR.WT.A.TO,27-Apr-2018,0.58,0.6,0.58,0.6,6000
ORA.TO,27-Apr-2018,2.1,2.15,2.1,2.15,1500
ORL.TO,27-Apr-2018,5.24,5.28,5.18,5.28,24621
ORV.TO,27-Apr-2018,0.23,0.23,0.22,0.22,9100
OSB.TO,27-Apr-2018,53.5,53.73,52.95,53.17,124490
OSF.UN.TO,27-Apr-2018,4.33,4.33,4.32,4.32,4700
OSK.TO,27-Apr-2018,2.67,2.67,2.62,2.65,108950
OSK.WT.TO,27-Apr-2018,0.02,0.02,0.02,0.02,0
OSL.UN.TO,27-Apr-2018,10.1,10.11,10.09,10.11,33450
OSP.TO,27-Apr-2018,6.48,6.48,6.34,6.34,5985
OTEX.TO,27-Apr-2018,46.46,46.46,45.61,45.78,180207
P.TO,27-Apr-2018,0.27,0.28,0.27,0.28,711904
P.DB.V.TO,27-Apr-2018,99.13,99.13,99,99,545000
PAAS.TO,27-Apr-2018,21.5,21.59,21.38,21.54,74094
PAR.UN.TO,27-Apr-2018,3.04,3.04,3,3.01,8444
PATH.TO,27-Apr-2018,3.21,3.3,3.21,3.29,520
PAY.TO,27-Apr-2018,0.21,0.21,0.2,0.2,150000
PBD.TO,27-Apr-2018,18.61,18.61,18.57,18.57,400
PBH.TO,27-Apr-2018,119.5,120.69,119.5,120.37,18997
PBH.DB.D.TO,27-Apr-2018,268.02,268.02,268.02,268.02,10000
PBH.DB.E.TO,27-Apr-2018,143,143,143,143,3000
PBH.DB.F.TO,27-Apr-2018,122,122,122,122,15000
PBH.DB.G.TO,27-Apr-2018,102,102,101.75,102,432000
PBL.TO,27-Apr-2018,21.21,21.56,21.15,21.56,2612
PBY.UN.TO,27-Apr-2018,11.8,11.81,11.8,11.81,5200
PCD.UN.TO,27-Apr-2018,8.24,8.24,8.24,8.24,0
PCY.TO,27-Apr-2018,2.9,2.94,2.9,2.94,6201
PD.TO,27-Apr-2018,4.36,4.57,4.32,4.46,3571729
PDC.TO,27-Apr-2018,26.17,26.21,26.14,26.21,2632
PDF.TO,27-Apr-2018,25.5,25.64,25.5,25.64,5508
PDIV.TO,27-Apr-2018,10.31,10.31,10.31,10.31,1904
PDL.TO,27-Apr-2018,10.7,10.75,10.6,10.6,1538
PDV.TO,27-Apr-2018,7.67,7.69,7.67,7.69,500
PEGI.TO,27-Apr-2018,23.5,23.54,23.39,23.48,3831
PEY.TO,27-Apr-2018,12.49,12.53,12.22,12.38,364706
PFB.TO,27-Apr-2018,8.2,8.2,8.2,8.2,300
PFH.F.TO,27-Apr-2018,19.79,19.79,19.79,19.79,0
PFL.TO,27-Apr-2018,19.91,19.91,19.91,19.91,200
PG.TO,27-Apr-2018,2.7,2.71,2.67,2.7,111581
PGD.TO,27-Apr-2018,0.16,0.16,0.15,0.15,32000
PGF.TO,27-Apr-2018,1.17,1.21,1.16,1.2,496347
PGI.UN.TO,27-Apr-2018,10.2,10.2,10.13,10.15,13335
PGLC.TO,27-Apr-2018,2.65,2.65,2.65,2.65,0
PHE.B.TO,27-Apr-2018,25.83,25.83,25.69,25.76,1500
PHR.TO,27-Apr-2018,18.34,18.34,18.34,18.34,0
PHW.TO,27-Apr-2018,20.4,20.4,20.4,20.4,200
PHX.TO,27-Apr-2018,2.27,2.3,2.27,2.3,12900
PHYS.TO,27-Apr-2018,13.85,13.85,13.85,13.85,0
PHYS.U.TO,27-Apr-2018,10.72,10.72,10.72,10.72,384
PIC.A.TO,27-Apr-2018,7.34,7.34,7.34,7.34,1700
PIC.PR.A.TO,27-Apr-2018,15.16,15.16,15.15,15.15,1200
PID.TO,27-Apr-2018,21.44,21.44,21.37,21.37,7861
PIF.TO,27-Apr-2018,19.09,19.26,18.85,19.09,17934
PIN.TO,27-Apr-2018,18.63,18.63,18.63,18.63,0
PJC.A.TO,27-Apr-2018,24.63,24.72,24.63,24.68,128100
PKI.TO,27-Apr-2018,29.72,30.06,29.7,30.04,110705
PL.TO,27-Apr-2018,14.28,14.28,14.28,14.28,100
PLC.TO,27-Apr-2018,24.8,24.8,24.7,24.78,24035
PLI.TO,27-Apr-2018,0.78,0.78,0.76,0.77,199771
PLV.TO,27-Apr-2018,21.79,21.82,21.79,21.82,3019
PLZ.DB.E.TO,27-Apr-2018,101.5,101.5,101.5,101.5,0
PLZ.UN.TO,27-Apr-2018,4.16,4.18,4.14,4.16,26863
PMB.UN.TO,27-Apr-2018,8.58,8.58,8.58,8.58,0
PME.TO,27-Apr-2018,2.43,2.43,2.34,2.38,36619
PMIF.TO,27-Apr-2018,19.7,19.71,19.7,19.71,26025
PMM.TO,27-Apr-2018,23.24,23.24,23.22,23.23,2125
PMN.TO,27-Apr-2018,0.41,0.42,0.4,0.42,58413
PMT.TO,27-Apr-2018,0.78,0.78,0.78,0.78,12826
PMTS.TO,27-Apr-2018,3.25,3.25,3.25,3.25,500
PNC.B.TO,27-Apr-2018,1,1,1,1,500
PNE.TO,27-Apr-2018,0.31,0.32,0.31,0.31,148625
PNP.TO,27-Apr-2018,2.45,2.56,2.45,2.56,776
POM.TO,27-Apr-2018,1.02,1.02,1.01,1.01,2000
PONY.TO,27-Apr-2018,2.87,2.89,2.8,2.82,581600
POU.TO,27-Apr-2018,18.33,18.69,18.22,18.27,127054
POW.TO,27-Apr-2018,30.42,30.78,30.42,30.69,186280
POW.PR.A.TO,27-Apr-2018,25.16,25.23,25.16,25.23,560
POW.PR.B.TO,27-Apr-2018,24.26,24.26,24.26,24.26,100
POW.PR.C.TO,27-Apr-2018,25.42,25.57,25.42,25.57,1852
POW.PR.D.TO,27-Apr-2018,23.14,23.29,23.14,23.29,700
POW.PR.G.TO,27-Apr-2018,25.27,25.42,25.27,25.32,4600
PPL.TO,27-Apr-2018,40.84,41.1,40.62,41,566677
PPL.PF.A.TO,27-Apr-2018,25.1,25.22,25.1,25.22,38100
PPL.PR.A.TO,27-Apr-2018,21.99,21.99,21.83,21.83,1600
PPL.PR.C.TO,27-Apr-2018,22.2,22.2,22.2,22.2,300
PPL.PR.E.TO,27-Apr-2018,23.75,23.75,23.75,23.75,1900
PPL.PR.G.TO,27-Apr-2018,23.2,23.2,23.2,23.2,0
PPL.PR.I.TO,27-Apr-2018,25.26,25.31,25.26,25.29,1900
PPL.PR.K.TO,27-Apr-2018,26.25,26.26,26.2,26.2,4200
PPL.PR.M.TO,27-Apr-2018,26.26,26.26,26.26,26.26,500
PPL.PR.O.TO,27-Apr-2018,23,23,22.99,23,6463
PPL.PR.Q.TO,27-Apr-2018,23.6,23.6,23.6,23.6,0
PPL.PR.S.TO,27-Apr-2018,25.28,25.28,25.25,25.25,500
PPR.TO,27-Apr-2018,0.44,0.46,0.44,0.46,36891
PPS.TO,27-Apr-2018,16.27,16.27,16.27,16.27,0
PRF.UN.TO,27-Apr-2018,24.3,24.3,24.3,24.3,0
PRK.TO,27-Apr-2018,0.09,0.11,0.09,0.11,3614967
PRM.TO,27-Apr-2018,11.9,11.91,11.9,11.9,600
PRM.PR.A.TO,27-Apr-2018,10.21,10.21,10.21,10.21,1700
PRP.TO,27-Apr-2018,19.75,19.75,19.75,19.75,950
PRQ.TO,27-Apr-2018,1.12,1.12,1.09,1.1,8311
PRU.TO,27-Apr-2018,0.45,0.46,0.45,0.46,59000
PSA.TO,27-Apr-2018,50.05,50.05,50.05,50.05,0
PSB.TO,27-Apr-2018,17.94,17.94,17.94,17.94,1795
PSD.TO,27-Apr-2018,3.07,3.07,3.06,3.07,4300
PSI.TO,27-Apr-2018,17.97,18.05,17.9,18,145776
PSK.TO,27-Apr-2018,28.51,28.73,28.32,28.6,163819
PSLV.TO,27-Apr-2018,7.8,7.8,7.8,7.8,728
PSLV.U.TO,27-Apr-2018,6.1,6.1,6.1,6.1,5152
PSU.U.TO,27-Apr-2018,100.1,100.1,100.1,100.1,177
PSY.TO,27-Apr-2018,23.83,23.83,23.83,23.83,0
PTB.TO,27-Apr-2018,18.45,18.45,18.45,18.45,525
PTG.TO,27-Apr-2018,1.9,1.93,1.9,1.91,9425
PTM.TO,27-Apr-2018,0.26,0.28,0.26,0.28,17702
PTS.TO,27-Apr-2018,13.6,13.6,13.2,13.2,300
PUD.TO,27-Apr-2018,22.32,22.32,22.32,22.32,0
PUD.B.TO,27-Apr-2018,25.51,25.51,25.51,25.51,0
PVG.TO,27-Apr-2018,8.7,8.8,8.64,8.76,172980
PVS.PR.B.TO,27-Apr-2018,25.16,25.16,25.16,25.16,240
PVS.PR.D.TO,27-Apr-2018,25.44,25.44,25.44,25.44,900
PVS.PR.F.TO,27-Apr-2018,25.21,25.21,25.21,25.21,100
PWF.TO,27-Apr-2018,33.24,33.51,33.15,33.43,351063
PWF.PR.A.TO,27-Apr-2018,20.66,20.9,20.66,20.9,2404
PWF.PR.E.TO,27-Apr-2018,24.79,24.85,24.79,24.85,300
PWF.PR.F.TO,27-Apr-2018,23.95,23.95,23.95,23.95,0
PWF.PR.G.TO,27-Apr-2018,25.52,25.54,25.52,25.54,1700
PWF.PR.H.TO,27-Apr-2018,25.45,25.45,25.45,25.45,500
PWF.PR.I.TO,27-Apr-2018,25.7,25.7,25.7,25.7,206
PWF.PR.K.TO,27-Apr-2018,22.54,22.54,22.54,22.54,196
PWF.PR.L.TO,27-Apr-2018,23.49,23.49,23.49,23.49,0
PWF.PR.O.TO,27-Apr-2018,25.63,25.63,25.63,25.63,0
PWF.PR.P.TO,27-Apr-2018,19.46,19.5,19.46,19.5,900
PWF.PR.Q.TO,27-Apr-2018,21.03,21.13,20.99,21.13,3900
PWF.PR.R.TO,27-Apr-2018,25.08,25.11,25.04,25.1,3100
PWF.PR.S.TO,27-Apr-2018,22.2,22.25,22.2,22.2,2000
PWF.PR.T.TO,27-Apr-2018,23.7,23.77,23.7,23.77,600
PWF.PR.Z.TO,27-Apr-2018,23.81,23.89,23.81,23.89,1300
PXC.TO,27-Apr-2018,26.86,26.89,26.86,26.89,482
PXS.TO,27-Apr-2018,24.83,24.83,24.83,24.83,0
PXS.U.TO,27-Apr-2018,19.5,19.54,19.5,19.54,2000
PXT.TO,27-Apr-2018,21.92,22.08,21.83,22.04,143841
PXU.F.TO,27-Apr-2018,38.46,38.46,38.46,38.46,0
PXX.TO,27-Apr-2018,1.34,1.41,1.33,1.38,981462
PYF.TO,27-Apr-2018,19.12,19.14,19.11,19.14,1517
PZA.TO,27-Apr-2018,13.92,14.04,13.91,14.02,9708
PZW.TO,27-Apr-2018,26.7,26.7,26.7,26.7,0
QBB.TO,27-Apr-2018,99.28,99.28,99.28,99.28,100
QBR.A.TO,27-Apr-2018,24.36,24.44,24.36,24.44,200
QBR.B.TO,27-Apr-2018,24.3,24.49,24.3,24.39,60802
QCD.TO,27-Apr-2018,25.96,25.96,25.96,25.96,0
QCE.TO,27-Apr-2018,95.08,95.08,95.08,95.08,0
QCN.TO,27-Apr-2018,96.24,96.24,96.24,96.24,0
QEC.TO,27-Apr-2018,0.92,0.94,0.92,0.94,8000
QEM.TO,27-Apr-2018,30.42,30.42,30.42,30.42,0
QHY.TO,27-Apr-2018,97.21,97.21,97.21,97.21,400
QIE.TO,27-Apr-2018,29.4,29.41,29.4,29.41,500
QMY.TO,27-Apr-2018,25.32,25.32,25.32,25.32,0
QQC.F.TO,27-Apr-2018,58.18,58.22,57.22,57.28,14730
QSR.TO,27-Apr-2018,70.13,70.22,69.03,69.14,313062
QTRH.TO,27-Apr-2018,1.97,1.97,1.95,1.97,21326
QUS.TO,27-Apr-2018,27.62,27.62,27.62,27.62,0
QUU.TO,27-Apr-2018,98.72,98.72,98.72,98.72,0
QXM.TO,27-Apr-2018,19.76,19.8,19.76,19.8,450
R.TO,27-Apr-2018,0.26,0.26,0.26,0.26,55000
R.WT.TO,27-Apr-2018,0.08,0.08,0.08,0.08,0
RAI.UN.TO,27-Apr-2018,8.2,8.2,8.2,8.2,2001
RAY.A.TO,27-Apr-2018,10.95,11.05,10.95,11,3293
RBA.TO,27-Apr-2018,41.95,42.19,41.85,42.16,37226
RBN.UN.TO,27-Apr-2018,9.07,9.07,9.03,9.03,15000
RBNK.TO,27-Apr-2018,19.9,19.97,19.9,19.97,5299
RBO.TO,27-Apr-2018,18.87,18.88,18.87,18.87,3550
RCD.TO,27-Apr-2018,20.5,20.5,20.48,20.48,636
RCH.TO,27-Apr-2018,28.08,28.22,28.05,28.07,27883
RCI.A.TO,27-Apr-2018,61.63,61.63,61.55,61.55,1106
RCI.B.TO,27-Apr-2018,61.46,61.52,60.76,60.88,511229
RCO.UN.TO,27-Apr-2018,11.84,11.85,11.84,11.85,280
RDK.TO,27-Apr-2018,0.02,0.02,0.02,0.02,0
RDL.TO,27-Apr-2018,1.92,1.92,1.92,1.92,0
REAL.TO,27-Apr-2018,7.12,7.2,7.12,7.19,926
REF.UN.TO,27-Apr-2018,50.78,50.81,50.56,50.64,129202
REI.UN.TO,27-Apr-2018,23.03,23.32,23.02,23.3,830254
RET.TO,27-Apr-2018,3.86,3.88,3.86,3.88,6836
RET.A.TO,27-Apr-2018,3.88,3.89,3.83,3.88,8184
RFP.TO,27-Apr-2018,12.65,12.66,12.47,12.64,3600
RGRE.TO,27-Apr-2018,19.02,19.02,19.02,19.02,600
RGX.TO,27-Apr-2018,0.05,0.05,0.05,0.05,137889
RIB.UN.TO,27-Apr-2018,15,15,15,15,0
RID.TO,27-Apr-2018,24.76,24.86,24.76,24.86,1500
RIDH.TO,27-Apr-2018,23.82,23.87,23.74,23.87,5000
RIE.TO,27-Apr-2018,23.48,23.48,23.48,23.48,0
RIEH.TO,27-Apr-2018,21.16,21.16,21.16,21.16,0
RIG.TO,27-Apr-2018,19.53,19.53,19.53,19.53,0
RIT.TO,27-Apr-2018,15.85,15.93,15.85,15.93,2305
RLB.TO,27-Apr-2018,19.02,19.04,19.02,19.04,11500
RME.TO,27-Apr-2018,12.56,12.56,12.39,12.43,6631
RMX.TO,27-Apr-2018,1.24,1.24,1.2,1.24,1448
RNW.TO,27-Apr-2018,11.54,11.61,11.51,11.58,93732
RNX.TO,27-Apr-2018,0.24,0.24,0.23,0.23,185027
ROBO.TO,27-Apr-2018,23.75,23.75,23.6,23.7,3339
ROOT.TO,27-Apr-2018,13.27,13.31,13.14,13.2,15418
ROXG.TO,27-Apr-2018,1.16,1.2,1.16,1.16,251720
RPD.U.TO,27-Apr-2018,18.91,18.91,18.91,18.91,0
RPDH.TO,27-Apr-2018,23.32,23.52,23.31,23.41,1920
RPF.TO,27-Apr-2018,23.7,23.7,23.67,23.67,3388
RPI.UN.TO,27-Apr-2018,32.45,32.45,32.31,32.35,2277
RPSB.TO,27-Apr-2018,19.78,19.78,19.78,19.78,0
RQG.TO,27-Apr-2018,19.08,19.08,19.08,19.08,0
RQH.TO,27-Apr-2018,19.93,19.93,19.93,19.93,0
RQJ.TO,27-Apr-2018,19.22,19.22,19.22,19.22,0
RRX.TO,27-Apr-2018,7.06,7.25,7.06,7.1,742025
RSI.TO,27-Apr-2018,6.09,6.1,6.07,6.07,46069
RSI.DB.E.TO,27-Apr-2018,102.01,102.01,102.01,102.01,0
RSI.DB.F.TO,27-Apr-2018,101.85,101.85,101.85,101.85,0
RTU.UN.TO,27-Apr-2018,8.71,8.82,8.71,8.82,1967
RUD.TO,27-Apr-2018,32.09,32.31,32.09,32.31,2150
RUDH.TO,27-Apr-2018,25.78,25.78,25.78,25.78,0
RUE.U.TO,27-Apr-2018,20.74,20.74,20.74,20.74,0
RUS.TO,27-Apr-2018,29.14,29.41,28.98,29.17,46432
RVX.TO,27-Apr-2018,1.38,1.38,1.32,1.32,21550
RVX.WT.TO,27-Apr-2018,0.69,0.69,0.68,0.68,20000
RWC.TO,27-Apr-2018,11.5,11.5,11.5,11.5,0
RWE.TO,27-Apr-2018,26.24,26.24,26.24,26.24,0
RWU.B.TO,27-Apr-2018,17.73,17.73,17.73,17.73,900
RWW.TO,27-Apr-2018,27.54,27.54,27.54,27.54,0
RXD.TO,27-Apr-2018,21.94,21.94,21.94,21.94,100
RXE.TO,27-Apr-2018,26.54,26.54,26.54,26.54,0
RY.TO,27-Apr-2018,97.29,98.17,97.24,98.15,1207400
RY.PR.A.TO,27-Apr-2018,25.13,25.2,25.13,25.2,6850
RY.PR.C.TO,27-Apr-2018,25.02,25.08,25.02,25.08,200
RY.PR.D.TO,27-Apr-2018,25.17,25.19,25.17,25.19,1130
RY.PR.E.TO,27-Apr-2018,25.1,25.1,25.1,25.1,0
RY.PR.F.TO,27-Apr-2018,25.1,25.18,25.1,25.18,842
RY.PR.G.TO,27-Apr-2018,25.1,25.12,25.06,25.12,4887
RY.PR.H.TO,27-Apr-2018,22.93,22.98,22.93,22.96,4461
RY.PR.I.TO,27-Apr-2018,25.03,25.1,25.03,25.03,1900
RY.PR.J.TO,27-Apr-2018,23.96,24.11,23.96,24.11,3230
RY.PR.K.TO,27-Apr-2018,24.99,25,24.99,25,2200
RY.PR.L.TO,27-Apr-2018,25.13,25.21,25.12,25.17,5700
RY.PR.M.TO,27-Apr-2018,23.9,24.01,23.87,24,1300
RY.PR.O.TO,27-Apr-2018,24.32,24.33,24.27,24.33,1900
RY.PR.P.TO,27-Apr-2018,25.11,25.11,25.1,25.11,1050
RY.PR.Q.TO,27-Apr-2018,26.2,26.28,26.2,26.28,1738
RY.PR.R.TO,27-Apr-2018,26.29,26.35,26.29,26.35,2250
RY.PR.W.TO,27-Apr-2018,24.6,24.6,24.59,24.59,1600
RY.PR.Z.TO,27-Apr-2018,22.95,23,22.94,22.98,4259
S.TO,27-Apr-2018,1.13,1.15,1.12,1.15,363893
S.WT.TO,27-Apr-2018,0.22,0.26,0.22,0.26,36000
SAM.TO,27-Apr-2018,0.21,0.21,0.2,0.2,23499
SAP.TO,27-Apr-2018,42.12,42.43,42.12,42.31,85077
SAU.TO,27-Apr-2018,0.03,0.03,0.03,0.03,107644
SBB.TO,27-Apr-2018,1.65,1.68,1.64,1.68,18550
SBC.TO,27-Apr-2018,13.75,13.8,13.7,13.75,900
SBC.PR.A.TO,27-Apr-2018,10.19,10.19,10.19,10.19,0
SBN.TO,27-Apr-2018,7.5,7.5,7.5,7.5,0
SBN.PR.A.TO,27-Apr-2018,11,11,11,11,0
SBR.TO,27-Apr-2018,0.24,0.24,0.24,0.24,0
SCB.TO,27-Apr-2018,0.76,0.76,0.76,0.76,500
SCL.TO,27-Apr-2018,24.96,25.24,24.48,25.05,39297
SCU.TO,27-Apr-2018,3.05,3.06,2.93,3.01,23190
SCW.UN.TO,27-Apr-2018,10.99,10.99,10.99,10.99,0
SCY.TO,27-Apr-2018,0.17,0.17,0.17,0.17,5100
SDY.TO,27-Apr-2018,1.58,1.63,1.55,1.63,3200
SEA.TO,27-Apr-2018,13.63,13.67,13.36,13.54,15987
SEED.TO,27-Apr-2018,16.64,16.64,16.54,16.54,1184
SES.TO,27-Apr-2018,8.39,8.46,8.15,8.22,299664
SEV.TO,27-Apr-2018,0.14,0.14,0.14,0.14,15619
SFD.TO,27-Apr-2018,1,1.05,1,1.05,4500
SGY.TO,27-Apr-2018,2.4,2.44,2.38,2.4,424875
SGY.DB.TO,27-Apr-2018,107.75,108.25,107.73,108.25,353000
SHE.TO,27-Apr-2018,11.29,11.29,11.29,11.29,0
SHLE.TO,27-Apr-2018,5.64,5.64,5.5,5.52,5519
SHOP.TO,27-Apr-2018,163,163.5,159.88,160.83,196520
SIA.TO,27-Apr-2018,17.61,17.75,17.55,17.56,70165
SIA.DB.TO,27-Apr-2018,104.75,105.3,104.5,104.5,507000
SID.TO,27-Apr-2018,22.95,22.95,22.71,22.71,12100
SII.TO,27-Apr-2018,3.48,3.51,3.39,3.4,123701
SIS.TO,27-Apr-2018,16.7,16.78,16.55,16.55,63958
SJ.TO,27-Apr-2018,46.04,46.6,45.67,46.02,38452
SJR.B.TO,27-Apr-2018,26.72,26.85,26.57,26.57,234316
SJR.PR.A.TO,27-Apr-2018,18.05,18.17,17.85,17.9,4754
SJR.PR.B.TO,27-Apr-2018,18.64,18.65,18.64,18.65,1700
SKG.UN.TO,27-Apr-2018,7.88,7.88,7.88,7.88,3804
SLF.TO,27-Apr-2018,53.17,53.6,53.1,53.32,294209
SLF.PR.A.TO,27-Apr-2018,22.39,22.4,22.37,22.4,1100
SLF.PR.B.TO,27-Apr-2018,22.5,22.54,22.5,22.53,1800
SLF.PR.C.TO,27-Apr-2018,21.06,21.12,21.06,21.11,2790
SLF.PR.D.TO,27-Apr-2018,21.15,21.15,21.14,21.14,203
SLF.PR.E.TO,27-Apr-2018,21.3,21.38,21.3,21.31,2200
SLF.PR.G.TO,27-Apr-2018,19.06,19.07,19.06,19.07,2500
SLF.PR.H.TO,27-Apr-2018,20.96,20.97,20.95,20.95,2300
SLF.PR.I.TO,27-Apr-2018,23.82,23.82,23.76,23.82,1700
SLF.PR.J.TO,27-Apr-2018,19.16,19.16,19.16,19.16,100
SLF.PR.K.TO,27-Apr-2018,21,21,21,21,0
SLR.TO,27-Apr-2018,0.6,0.6,0.6,0.6,0
SMC.TO,27-Apr-2018,0.37,0.37,0.37,0.37,500
SMF.TO,27-Apr-2018,4,4.14,4,4.07,711212
SMT.TO,27-Apr-2018,3.84,3.84,3.32,3.32,8750
SMU.UN.TO,27-Apr-2018,8.32,8.35,8.31,8.33,50191
SNC.TO,27-Apr-2018,56.23,56.6,56.1,56.39,92669
SOLG.TO,27-Apr-2018,0.46,0.48,0.46,0.48,7300
SOT.UN.TO,27-Apr-2018,7.48,7.55,7.45,7.52,117517
SOX.TO,27-Apr-2018,7.14,7.19,7.11,7.16,5825
SOX.DB.A.TO,27-Apr-2018,101.01,101.01,101.01,101.01,0
SOY.TO,27-Apr-2018,8.94,9.06,8.92,8.99,19663
SPB.TO,27-Apr-2018,12.51,12.57,12.42,12.45,74008
SPE.TO,27-Apr-2018,6.44,6.5,6.33,6.37,794889
SPPP.TO,27-Apr-2018,11.6,11.6,11.6,11.6,0
SQP.TO,27-Apr-2018,1.91,1.91,1.91,1.91,400
SRHI.TO,27-Apr-2018,0.14,0.14,0.14,0.14,0
SRHI.WT.TO,27-Apr-2018,0.04,0.04,0.04,0.04,0
SRT.U.TO,27-Apr-2018,9.6,9.6,9.6,9.6,0
SRT.UN.TO,27-Apr-2018,12.36,12.48,12.26,12.48,79116
SRU.DB.B.TO,27-Apr-2018,101.76,101.76,101.5,101.5,30000
SRU.UN.TO,27-Apr-2018,28.4,28.7,28.35,28.67,42343
SRV.UN.TO,27-Apr-2018,14.97,15.06,14.97,15.03,1067
SRX.TO,27-Apr-2018,2.75,2.75,2.7,2.7,6077
SSF.UN.TO,27-Apr-2018,8.85,8.85,8.85,8.85,1700
SSL.TO,27-Apr-2018,5.93,5.99,5.92,5.98,61033
SSL.WT.TO,27-Apr-2018,2.12,2.21,2.12,2.21,1600
SSRM.TO,27-Apr-2018,12.96,13.38,12.96,13.26,182040
STB.TO,27-Apr-2018,9.62,9.64,9.62,9.63,111789
STB.DB.A.TO,27-Apr-2018,127.25,127.27,127.25,127.27,71000
STB.DB.C.TO,27-Apr-2018,114.52,114.52,114.52,114.52,104000
STEP.TO,27-Apr-2018,11.35,11.35,11.09,11.16,49510
STLC.TO,27-Apr-2018,23.89,24.21,23.83,23.99,15036
STN.TO,27-Apr-2018,33.28,33.44,32.62,32.73,259237
STPL.TO,27-Apr-2018,18.81,18.81,18.81,18.81,0
SU.TO,27-Apr-2018,49.67,49.89,48.87,48.91,1664475
SUM.TO,27-Apr-2018,10.43,10.43,10.33,10.33,2600
SVB.TO,27-Apr-2018,0.22,0.22,0.22,0.22,45500
SVM.TO,27-Apr-2018,3.62,3.74,3.62,3.71,274846
SVR.TO,27-Apr-2018,9.06,9.06,9.06,9.06,0
SW.TO,27-Apr-2018,22.58,22.61,22.35,22.43,29951
SWY.TO,27-Apr-2018,0.55,0.56,0.55,0.56,97500
SXP.TO,27-Apr-2018,4.24,4.24,4.15,4.15,4954
T.TO,27-Apr-2018,45.9,46.28,45.85,46,617081
TA.TO,27-Apr-2018,6.87,6.88,6.82,6.87,128556
TA.PR.D.TO,27-Apr-2018,14.44,14.44,14.35,14.35,200
TA.PR.F.TO,27-Apr-2018,17.95,18.05,17.95,18.04,7350
TA.PR.H.TO,27-Apr-2018,21.21,21.21,21.21,21.21,700
TA.PR.J.TO,27-Apr-2018,22.18,22.25,22.17,22.21,1300
TAO.TO,27-Apr-2018,0.45,0.45,0.45,0.45,15000
TBL.TO,27-Apr-2018,1.4,1.4,1.35,1.4,3700
TC.TO,27-Apr-2018,80.78,81.41,80.78,81.15,1895
TCL.A.TO,27-Apr-2018,27.28,27.42,27.14,27.2,72150
TCL.B.TO,27-Apr-2018,27.23,27.23,27.23,27.23,300
TCL.R.TO,27-Apr-2018,27.28,27.34,27.11,27.18,19600
TCN.TO,27-Apr-2018,10.06,10.18,9.99,10.16,73390
TCN.DB.A.TO,27-Apr-2018,107,107,107,107,10000
TCN.DB.U.TO,27-Apr-2018,103.75,104,103.75,104,65000
TCS.TO,27-Apr-2018,15.59,15.75,15.5,15.5,1800
TCT.UN.TO,27-Apr-2018,9.5,9.5,9.5,9.5,100
TCW.TO,27-Apr-2018,3.4,3.43,3.32,3.37,1996705
TD.TO,27-Apr-2018,72.25,72.47,72.05,72.26,1411331
TD.PF.A.TO,27-Apr-2018,22.65,22.65,22.6,22.65,40925
TD.PF.B.TO,27-Apr-2018,22.62,22.69,22.62,22.69,6594
TD.PF.C.TO,27-Apr-2018,22.48,22.49,22.45,22.49,11500
TD.PF.D.TO,27-Apr-2018,24.18,24.18,24.15,24.18,800
TD.PF.E.TO,27-Apr-2018,24.35,24.45,24.31,24.45,13794
TD.PF.F.TO,27-Apr-2018,24.37,24.37,24.37,24.37,0
TD.PF.G.TO,27-Apr-2018,26.34,26.35,26.3,26.34,83000
TD.PF.H.TO,27-Apr-2018,25.94,25.94,25.89,25.9,3077
TD.PF.I.TO,27-Apr-2018,25.19,25.24,25.15,25.19,2800
TD.PF.J.TO,27-Apr-2018,25.49,25.49,25.3,25.3,71083
TD.PR.S.TO,27-Apr-2018,24.94,24.94,24.94,24.94,600
TD.PR.T.TO,27-Apr-2018,24.9,24.9,24.9,24.9,100
TD.PR.Y.TO,27-Apr-2018,24.89,24.89,24.89,24.89,0
TDB.TO,27-Apr-2018,14.33,14.33,14.33,14.33,0
TDG.TO,27-Apr-2018,1.99,2.01,1.97,1.97,218581
TECK.A.TO,27-Apr-2018,31.71,32.22,31.71,32.02,850
TECK.B.TO,27-Apr-2018,31.77,32.2,31.56,31.87,970225
TEI.TO,27-Apr-2018,0.36,0.36,0.36,0.36,0
TF.TO,27-Apr-2018,9.17,9.18,9.06,9.11,48100
TF.DB.B.TO,27-Apr-2018,100.75,100.75,100.75,100.75,0
TF.DB.C.TO,27-Apr-2018,97.35,97.35,97.35,97.35,0
TFII.TO,27-Apr-2018,36.54,36.87,36.28,36.75,121408
TGL.TO,27-Apr-2018,2.25,2.29,2.1,2.12,292500
TGO.TO,27-Apr-2018,4.8,4.8,4.8,4.8,0
TGZ.TO,27-Apr-2018,4.93,4.98,4.89,4.94,81896
TH.TO,27-Apr-2018,9.3,9.4,9.22,9.28,22960
THO.TO,27-Apr-2018,6.48,6.6,6.28,6.41,1264058
THU.TO,27-Apr-2018,19.13,19.22,19.13,19.21,2250
TI.TO,27-Apr-2018,1.25,1.25,1.25,1.25,5500
TIH.TO,27-Apr-2018,56.1,56.37,55.35,55.99,162838
TKO.TO,27-Apr-2018,1.56,1.59,1.51,1.51,142917
TLF.TO,27-Apr-2018,11.63,11.94,11.63,11.94,3100
TLO.TO,27-Apr-2018,0.08,0.08,0.08,0.08,77000
TLV.TO,27-Apr-2018,27.43,27.47,27.43,27.47,2763
TMD.TO,27-Apr-2018,0.26,0.27,0.26,0.27,43460
TMD.WT.H.TO,27-Apr-2018,0.07,0.07,0.07,0.07,0
TMI.TO,27-Apr-2018,0.13,0.14,0.12,0.14,452725
TMI.B.TO,27-Apr-2018,0.2,0.2,0.2,0.2,130000
TML.TO,27-Apr-2018,0.47,0.47,0.46,0.46,147194
TMQ.TO,27-Apr-2018,1.46,1.46,1.46,1.46,0
TMR.TO,27-Apr-2018,7.61,7.68,7.61,7.66,5669
TNP.TO,27-Apr-2018,2.05,2.05,2.05,2.05,0
TNT.UN.TO,27-Apr-2018,6.55,6.55,6.51,6.54,48604
TNX.TO,27-Apr-2018,0.66,0.72,0.66,0.69,39500
TOF.UN.TO,27-Apr-2018,11.34,11.34,11.34,11.34,0
TOG.TO,27-Apr-2018,7.36,7.44,7.3,7.34,179234
TOS.TO,27-Apr-2018,0.87,0.87,0.82,0.82,65433
TOT.TO,27-Apr-2018,13.73,13.73,13.41,13.41,2100
TOU.TO,27-Apr-2018,24.54,24.77,24.26,24.39,296229
TOY.TO,27-Apr-2018,49.68,49.8,49.06,49.47,36070
TPE.TO,27-Apr-2018,18.21,18.21,18.21,18.21,0
TPH.TO,27-Apr-2018,3.1,3.1,3.04,3.04,7300
TPH.DB.E.TO,27-Apr-2018,100.65,100.65,100.65,100.65,0
TPK.TO,27-Apr-2018,6.27,6.59,6.27,6.41,1100
TPU.TO,27-Apr-2018,19.18,19.18,19.18,19.18,1400
TPX.A.TO,27-Apr-2018,99,99,99,99,150
TPX.B.TO,27-Apr-2018,102.49,102.49,102.49,102.49,384
TRI.TO,27-Apr-2018,51.4,51.91,51.4,51.69,453587
TRI.PR.B.TO,27-Apr-2018,19.68,19.81,19.6,19.81,2000
TRIL.TO,27-Apr-2018,8.3,8.3,7.87,7.87,5594
TRL.TO,27-Apr-2018,4.46,4.5,4.4,4.48,1500
TRP.TO,27-Apr-2018,55.95,55.95,53.75,54.58,2032138
TRP.PR.A.TO,27-Apr-2018,19.6,19.72,19.6,19.72,300
TRP.PR.B.TO,27-Apr-2018,16.47,16.47,16.47,16.47,100
TRP.PR.C.TO,27-Apr-2018,17.4,17.4,17.34,17.4,1720
TRP.PR.D.TO,27-Apr-2018,22.17,22.35,22.17,22.27,8834
TRP.PR.E.TO,27-Apr-2018,22.14,22.17,22.12,22.17,1017
TRP.PR.F.TO,27-Apr-2018,19.63,19.7,19.63,19.68,700
TRP.PR.G.TO,27-Apr-2018,23.5,23.5,23.5,23.5,100
TRP.PR.H.TO,27-Apr-2018,16.43,16.62,16.43,16.62,5939
TRP.PR.I.TO,27-Apr-2018,18.28,18.3,18.28,18.3,400
TRP.PR.J.TO,27-Apr-2018,26.4,26.4,26.35,26.37,69500
TRP.PR.K.TO,27-Apr-2018,26,26.03,25.96,26,2477
TRQ.TO,27-Apr-2018,3.87,3.92,3.84,3.87,140108
TRST.TO,27-Apr-2018,6.88,6.96,6.75,6.79,49101
TRZ.TO,27-Apr-2018,8.36,8.39,8.24,8.25,18595
TS.B.TO,27-Apr-2018,1.88,1.88,1.84,1.88,36530
TSGI.TO,27-Apr-2018,39.62,40.5,39.48,39.84,560360
TSL.TO,27-Apr-2018,2.74,2.74,2.74,2.74,1000
TSU.TO,27-Apr-2018,24.96,25,24.9,24.9,2451
TTP.TO,27-Apr-2018,17.42,17.42,17.42,17.42,0
TUT.UN.TO,27-Apr-2018,11.61,11.61,11.61,11.61,0
TV.TO,27-Apr-2018,1.18,1.19,1.16,1.16,878791
TVA.B.TO,27-Apr-2018,3.16,3.3,3.16,3.29,4300
TVE.TO,27-Apr-2018,3.62,3.65,3.57,3.59,479781
TVK.TO,27-Apr-2018,9.95,10.1,9.95,10.1,5400
TWC.TO,27-Apr-2018,11.25,11.25,11.25,11.25,40809
TWM.TO,27-Apr-2018,1.3,1.31,1.28,1.29,107575
TXF.TO,27-Apr-2018,16.92,16.92,16.7,16.79,18138
TXF.B.TO,27-Apr-2018,17.56,17.56,17.56,17.56,0
TXG.TO,27-Apr-2018,13.41,13.53,13.28,13.4,94040
TXP.TO,27-Apr-2018,0.25,0.25,0.24,0.24,106000
TXT.PR.A.TO,27-Apr-2018,12.67,12.67,12.67,12.67,500
TXT.UN.TO,27-Apr-2018,4.1,4.1,4.1,4.1,0
TZS.TO,27-Apr-2018,2.51,2.51,2.51,2.51,7397
TZZ.TO,27-Apr-2018,2.55,2.6,2.55,2.58,2809
U.TO,27-Apr-2018,3.83,3.86,3.81,3.86,26679
UDA.UN.TO,27-Apr-2018,10,10,10,10,0
UEX.TO,27-Apr-2018,0.29,0.29,0.29,0.29,91283
UFS.TO,27-Apr-2018,58.05,58.08,56.85,56.91,16225
ULV.F.TO,27-Apr-2018,36.22,36.22,36.22,36.22,0
UMI.TO,27-Apr-2018,25.81,25.81,25.81,25.81,0
UNC.TO,27-Apr-2018,101.67,101.73,101.59,101.59,705
UNG.PR.C.TO,27-Apr-2018,53.4,53.4,53.4,53.4,0
UNS.TO,27-Apr-2018,20,20.05,19.92,19.93,36097
UR.TO,27-Apr-2018,0.35,0.35,0.34,0.34,28777
URB.TO,27-Apr-2018,3.19,3.19,3.19,3.19,0
URB.A.TO,27-Apr-2018,3,3.14,2.97,3.1,101499
URE.TO,27-Apr-2018,0.93,0.93,0.92,0.93,15500
USA.TO,27-Apr-2018,5.04,5.07,4.94,5.02,13925
USB.TO,27-Apr-2018,22.05,22.05,22.05,22.05,0
USF.UN.TO,27-Apr-2018,8.2,8.2,8.2,8.2,1000
UTC.C.TO,27-Apr-2018,25.14,25.14,25.14,25.14,0
UTE.UN.TO,27-Apr-2018,8.71,8.72,8.71,8.71,4040
UWE.TO,27-Apr-2018,0.34,0.34,0.34,0.34,2825
UXM.TO,27-Apr-2018,14.53,14.53,14.53,14.53,815
UXM.B.TO,27-Apr-2018,15.97,15.97,15.97,15.97,1217
VA.TO,27-Apr-2018,35.97,35.97,35.85,35.87,2802
VAB.TO,27-Apr-2018,24.82,24.83,24.81,24.82,7598
VAH.TO,27-Apr-2018,31.59,31.59,31.54,31.54,297
VB.TO,27-Apr-2018,7.02,7.02,7.01,7.02,3700
VB.PR.A.TO,27-Apr-2018,10.26,10.26,9.99,10.01,23000
VB.PR.B.TO,27-Apr-2018,10.21,10.21,10.21,10.21,900
VBAL.TO,27-Apr-2018,24.67,24.67,24.6,24.64,19963
VBG.TO,27-Apr-2018,26.57,26.61,26.57,26.61,3888
VBU.TO,27-Apr-2018,24.2,24.2,24.17,24.17,5062
VCB.TO,27-Apr-2018,24.6,24.6,24.6,24.6,0
VCE.TO,27-Apr-2018,33.1,33.17,33.1,33.17,11415
VCM.TO,27-Apr-2018,8.82,8.82,8.8,8.8,200
VCN.TO,27-Apr-2018,31.8,31.83,31.73,31.79,22499
VCNS.TO,27-Apr-2018,24.7,24.73,24.7,24.73,3860
VDU.TO,27-Apr-2018,36.43,36.43,36.27,36.27,3590
VDY.TO,27-Apr-2018,32.71,32.76,32.67,32.76,26373
VE.TO,27-Apr-2018,30.25,30.32,30.17,30.31,6954
VEE.TO,27-Apr-2018,35.52,35.52,35.31,35.51,42206
VEF.TO,27-Apr-2018,41.51,41.51,41.38,41.41,1297
VEH.TO,27-Apr-2018,29.57,29.57,29.57,29.57,0
VET.TO,27-Apr-2018,43.99,44.4,43.38,43.5,569531
VFF.TO,27-Apr-2018,4.71,4.89,4.68,4.72,74383
VFV.TO,27-Apr-2018,61.12,61.19,60.83,60.97,20689
VGG.TO,27-Apr-2018,44.24,44.24,44.24,44.24,4211
VGH.TO,27-Apr-2018,35.25,35.25,35.25,35.25,100
VGRO.TO,27-Apr-2018,24.55,24.56,24.48,24.54,12086
VGZ.TO,27-Apr-2018,0.94,0.94,0.94,0.94,0
VI.TO,27-Apr-2018,29.18,29.18,29.06,29.17,4077
VII.TO,27-Apr-2018,18.83,19.06,18.59,18.64,577687
VIP.UN.TO,27-Apr-2018,9.63,9.67,9.63,9.67,11310
VIU.TO,27-Apr-2018,29.39,29.4,29.3,29.34,18041
VLB.TO,27-Apr-2018,25.35,25.35,25.29,25.29,364
VLE.TO,27-Apr-2018,5.57,5.64,5.35,5.4,308682
VLN.TO,27-Apr-2018,16.83,16.83,16.83,16.83,200
VLQ.TO,27-Apr-2018,32.86,32.86,32.86,32.86,0
VMO.TO,27-Apr-2018,33.12,33.12,33.11,33.11,271
VNP.TO,27-Apr-2018,2.93,2.94,2.91,2.94,13100
VNP.DB.TO,27-Apr-2018,101,101,101,101,149000
VNR.TO,27-Apr-2018,20.09,20.28,20.02,20.16,34823
VNR.PR.A.TO,27-Apr-2018,24.56,24.56,24.55,24.55,800
VRE.TO,27-Apr-2018,30.52,30.68,30.52,30.68,2579
VRX.TO,27-Apr-2018,22.98,23.46,22.94,23.05,437197
VSB.TO,27-Apr-2018,23.65,23.67,23.65,23.67,9108
VSC.TO,27-Apr-2018,24.03,24.04,24.03,24.03,8230
VSG.TO,27-Apr-2018,24.29,24.29,24.29,24.29,0
VSP.TO,27-Apr-2018,46.96,46.97,46.72,46.87,13572
VUN.TO,27-Apr-2018,48.08,48.15,47.85,47.99,19930
VUS.TO,27-Apr-2018,52.93,52.93,52.65,52.84,12337
VVL.TO,27-Apr-2018,35.48,35.48,35.37,35.37,413
VVO.TO,27-Apr-2018,29.72,29.72,29.72,29.72,0
VXC.TO,27-Apr-2018,36.42,36.52,36.34,36.46,8654
VXM.TO,27-Apr-2018,27.1,27.1,27.1,27.1,0
VXM.B.TO,27-Apr-2018,29.97,29.97,29.97,29.97,196
W.PR.H.TO,27-Apr-2018,24.59,24.59,24.59,24.59,0
W.PR.J.TO,27-Apr-2018,24.6,24.6,24.51,24.51,1100
W.PR.K.TO,27-Apr-2018,25.6,25.6,25.53,25.53,1400
W.PR.M.TO,27-Apr-2018,25.48,25.54,25.34,25.35,3400
WCN.TO,27-Apr-2018,94.25,95.06,94,94.21,61027
WCP.TO,27-Apr-2018,9.43,9.59,9.31,9.35,1037000
WDO.TO,27-Apr-2018,1.91,1.92,1.9,1.91,88900
WEED.TO,27-Apr-2018,27.46,27.49,27,27.34,1142554
WEF.TO,27-Apr-2018,2.86,2.86,2.79,2.8,286058
WEQ.TO,27-Apr-2018,1.5,1.54,1.5,1.53,3445
WFS.TO,27-Apr-2018,3.9,3.9,3.9,3.9,0
WFS.PR.A.TO,27-Apr-2018,10.09,10.09,10.09,10.09,0
WFT.TO,27-Apr-2018,90.5,90.5,85.35,87.22,252133
WIR.U.TO,27-Apr-2018,12.84,12.88,12.83,12.85,7365
WJA.TO,27-Apr-2018,22.42,23.19,22.42,23.1,248050
WJX.TO,27-Apr-2018,23.5,23.5,23.3,23.3,4377
WM.TO,27-Apr-2018,0.07,0.07,0.07,0.07,17300
WN.TO,27-Apr-2018,105.41,106.25,105.41,105.91,15661
WN.PR.A.TO,27-Apr-2018,25.45,25.45,25.36,25.36,800
WN.PR.C.TO,27-Apr-2018,23.6,23.6,23.6,23.6,561
WN.PR.D.TO,27-Apr-2018,23.76,23.76,23.76,23.76,0
WN.PR.E.TO,27-Apr-2018,22.31,22.31,22.31,22.31,200
WPK.TO,27-Apr-2018,48.45,49,47.63,47.91,86559
WPM.TO,27-Apr-2018,27.4,27.49,27.22,27.38,171676
WPRT.TO,27-Apr-2018,2.85,3.07,2.84,3.02,117742
WRG.TO,27-Apr-2018,1.14,1.15,1.12,1.15,48600
WRN.TO,27-Apr-2018,1.07,1.07,1.06,1.06,1501
WRX.TO,27-Apr-2018,0.43,0.43,0.43,0.43,0
WSP.TO,27-Apr-2018,62.75,63.94,62.75,63.41,186513
WTE.TO,27-Apr-2018,22.42,22.42,22.23,22.27,82383
WXM.TO,27-Apr-2018,17.21,17.23,17.2,17.2,5200
X.TO,27-Apr-2018,77.95,79.38,77.95,79.38,30748
XAU.TO,27-Apr-2018,3.38,3.4,3.34,3.37,24902
XAW.TO,27-Apr-2018,25.58,25.58,25.44,25.54,12658
XBB.TO,27-Apr-2018,30.38,30.42,30.36,30.39,23250
XBM.TO,27-Apr-2018,14.01,14.12,14.01,14.1,8244
XCB.TO,27-Apr-2018,20.83,20.86,20.83,20.83,15002
XCD.TO,27-Apr-2018,35.5,35.5,35.5,35.5,500
XCG.TO,27-Apr-2018,29.72,29.72,29.72,29.72,1102
XCH.TO,27-Apr-2018,28.99,29.02,28.85,29.02,555
XCS.TO,27-Apr-2018,16.33,16.33,16.32,16.32,1425
XCV.TO,27-Apr-2018,26.28,26.28,26.28,26.28,1645
XDC.TO,27-Apr-2018,1.96,1.96,1.96,1.96,0
XDG.TO,27-Apr-2018,19.74,19.74,19.69,19.7,7041
XDGH.TO,27-Apr-2018,20.2,20.2,20.2,20.2,0
XDIV.TO,27-Apr-2018,20.18,20.18,20.15,20.15,5849
XDU.TO,27-Apr-2018,20.15,20.15,20.15,20.15,0
XDUH.TO,27-Apr-2018,20.68,20.68,20.68,20.68,0
XDV.TO,27-Apr-2018,24.69,24.71,24.64,24.71,29920
XEB.TO,27-Apr-2018,20.65,20.65,20.65,20.65,600
XEC.TO,27-Apr-2018,28.62,28.62,28.44,28.55,14716
XEF.TO,27-Apr-2018,31.79,31.8,31.66,31.76,15425
XEG.TO,27-Apr-2018,12.74,12.82,12.63,12.65,1202304
XEH.TO,27-Apr-2018,25.03,25.06,25,25.05,3084
XEI.TO,27-Apr-2018,20.64,20.64,20.6,20.61,23527
XEM.TO,27-Apr-2018,33.97,33.97,33.79,33.92,1497
XEN.TO,27-Apr-2018,24.72,24.72,24.72,24.72,813
XEU.TO,27-Apr-2018,25.13,25.13,25.04,25.04,2136
XFA.TO,27-Apr-2018,27.45,27.45,27.45,27.45,500
XFC.TO,27-Apr-2018,24.62,24.62,24.62,24.62,5026
XFF.TO,27-Apr-2018,25.93,25.93,25.92,25.92,200
XFH.TO,27-Apr-2018,23.24,23.27,23.24,23.27,13833
XFI.TO,27-Apr-2018,25.05,25.05,25.05,25.05,0
XFN.TO,27-Apr-2018,37.04,37.22,37.04,37.21,138705
XFR.TO,27-Apr-2018,20.14,20.14,20.14,20.14,368465
XFS.TO,27-Apr-2018,26.44,26.44,26.44,26.44,1700
XGB.TO,27-Apr-2018,21.07,21.11,21.07,21.09,14335
XGD.TO,27-Apr-2018,12,12.03,11.97,12,119227
XGI.TO,27-Apr-2018,32.46,32.46,32.46,32.46,0
XHB.TO,27-Apr-2018,20.28,20.31,20.28,20.31,851
XHC.TO,27-Apr-2018,44.02,44.25,44.02,44.25,329
XHD.TO,27-Apr-2018,27.37,27.48,27.37,27.48,5500
XHU.TO,27-Apr-2018,22.49,22.49,22.49,22.49,2050
XHY.TO,27-Apr-2018,19.18,19.23,19.18,19.2,2811
XIC.TO,27-Apr-2018,24.88,24.93,24.86,24.92,125179
XID.TO,27-Apr-2018,35.5,35.5,35.5,35.5,776
XIG.TO,27-Apr-2018,22.29,22.29,22.29,22.29,0
XIN.TO,27-Apr-2018,26.48,26.54,26.44,26.52,21052
XIT.TO,27-Apr-2018,17.74,17.78,17.73,17.78,3368
XIU.TO,27-Apr-2018,23.3,23.35,23.27,23.32,1390766
XLB.TO,27-Apr-2018,23.24,23.32,23.24,23.32,1005
XMA.TO,27-Apr-2018,13.11,13.13,13.11,13.13,2381
XMC.TO,27-Apr-2018,18.83,18.83,18.83,18.83,0
XMD.TO,27-Apr-2018,25.17,25.17,25.15,25.15,2511
XMF.A.TO,27-Apr-2018,0.36,0.36,0.36,0.36,0
XMF.PR.B.TO,27-Apr-2018,5.21,5.21,5.2,5.2,2500
XMF.PR.C.TO,27-Apr-2018,2.2,2.2,2.2,2.2,1900
XMH.TO,27-Apr-2018,18.61,18.61,18.61,18.61,306
XMI.TO,27-Apr-2018,36.78,36.78,36.68,36.73,2079
XML.TO,27-Apr-2018,22.76,22.76,22.76,22.76,0
XMM.TO,27-Apr-2018,28.55,28.65,28.55,28.65,1904
XMS.TO,27-Apr-2018,23.29,23.29,23.29,23.29,0
XMU.TO,27-Apr-2018,45.65,45.65,45.65,45.65,221
XMV.TO,27-Apr-2018,28.5,28.5,28.5,28.5,392
XMW.TO,27-Apr-2018,38.52,38.52,38.52,38.52,0
XPF.TO,27-Apr-2018,17.86,17.94,17.86,17.94,2714
XQB.TO,27-Apr-2018,20.15,20.16,20.13,20.16,14475
XQQ.TO,27-Apr-2018,54.89,55,54,54.36,25304
XRB.TO,27-Apr-2018,23.98,24.07,23.97,24.07,6061
XRE.TO,27-Apr-2018,16.43,16.57,16.43,16.56,70197
XSB.TO,27-Apr-2018,27.2,27.22,27.2,27.22,19785
XSC.TO,27-Apr-2018,19.6,19.6,19.58,19.58,1700
XSE.TO,27-Apr-2018,19.7,19.72,19.68,19.69,11983
XSH.TO,27-Apr-2018,18.97,18.98,18.97,18.98,38677
XSI.TO,27-Apr-2018,18.93,18.93,18.9,18.9,2800
XSP.TO,27-Apr-2018,30.33,30.37,30.2,30.3,236108
XSQ.TO,27-Apr-2018,19.21,19.21,19.21,19.21,2311
XST.TO,27-Apr-2018,53,53.02,53,53.02,2904
XSU.TO,27-Apr-2018,33.11,33.14,32.85,32.94,27351
XTC.TO,27-Apr-2018,10.01,10.17,9.95,10.03,27881
XTD.TO,27-Apr-2018,6.23,6.25,6.23,6.24,1600
XTD.PR.A.TO,27-Apr-2018,10.08,10.08,10.08,10.08,0
XTG.TO,27-Apr-2018,0.26,0.26,0.26,0.26,0
XTR.TO,27-Apr-2018,11.01,11.04,11.01,11.04,56421
XUH.TO,27-Apr-2018,24.91,24.91,24.91,24.91,0
XUS.TO,27-Apr-2018,43.08,43.1,42.85,43.06,26710
XUT.TO,27-Apr-2018,21.12,21.14,21.12,21.14,249
XUU.TO,27-Apr-2018,26.64,26.64,26.42,26.54,28760
XWD.TO,27-Apr-2018,49.38,49.38,49.13,49.29,17952
XXM.TO,27-Apr-2018,12.88,12.88,12.72,12.73,972
XXM.B.TO,27-Apr-2018,16.34,16.35,16.31,16.35,1826
Y.TO,27-Apr-2018,6.87,6.88,6.78,6.83,1119
YCM.PR.A.TO,27-Apr-2018,5.08,5.08,5.08,5.08,1100
YCM.PR.B.TO,27-Apr-2018,5.04,5.04,5.04,5.04,1500
YGR.TO,27-Apr-2018,6.23,6.44,6.14,6.42,268736
YPG.DB.TO,27-Apr-2018,87,92,85,92,1456
YRB.TO,27-Apr-2018,0.04,0.04,0.04,0.04,21800
YRI.TO,27-Apr-2018,3.8,3.9,3.8,3.89,1905133
YXM.TO,27-Apr-2018,14.75,14.75,14.75,14.75,0
YXM.B.TO,27-Apr-2018,19.05,19.14,19.05,19.14,1900
ZAG.TO,27-Apr-2018,15.23,15.23,15.23,15.23,4534
ZAR.TO,27-Apr-2018,0.5,0.5,0.5,0.5,61002
ZAR.DB.A.TO,27-Apr-2018,78.5,78.5,78.5,78.5,0
ZBK.TO,27-Apr-2018,27.68,28.03,27.68,28,11657
ZCH.TO,27-Apr-2018,26.84,26.92,26.66,26.78,4027
ZCL.TO,27-Apr-2018,12.2,12.21,12.11,12.14,10505
ZCM.TO,27-Apr-2018,15.83,15.85,15.83,15.85,8769
ZCN.TO,27-Apr-2018,21.11,21.17,21.11,21.16,42852
ZCS.TO,27-Apr-2018,14,14,13.99,14,2196
ZDB.TO,27-Apr-2018,15.47,15.51,15.47,15.51,19952
ZDH.TO,27-Apr-2018,22.86,22.92,22.86,22.9,11300
ZDI.TO,27-Apr-2018,22.71,22.73,22.63,22.63,10376
ZDJ.TO,27-Apr-2018,41.13,41.16,40.97,41.13,24438
ZDM.TO,27-Apr-2018,21.72,21.72,21.62,21.68,4287
ZDV.TO,27-Apr-2018,16.56,16.57,16.52,16.57,26814
ZDY.TO,27-Apr-2018,30.01,30.27,30.01,30.27,4370
ZDY.U.TO,27-Apr-2018,24.13,24.13,24.13,24.13,2000
ZEA.TO,27-Apr-2018,19.21,19.24,19.18,19.24,5533
ZEB.TO,27-Apr-2018,28.54,28.65,28.53,28.64,576544
ZEF.TO,27-Apr-2018,15.9,15.9,15.9,15.9,335
ZEM.TO,27-Apr-2018,21.25,21.25,21.15,21.25,75840
ZEO.TO,27-Apr-2018,10.82,10.89,10.77,10.79,77321
ZEQ.TO,27-Apr-2018,19.75,19.82,19.73,19.8,6686
ZEUS.TO,27-Apr-2018,21.39,21.39,21.39,21.39,348
ZFH.TO,27-Apr-2018,15.34,15.34,15.22,15.3,2926
ZFL.TO,27-Apr-2018,16.81,16.81,16.81,16.81,0
ZFM.TO,27-Apr-2018,15.74,15.76,15.74,15.76,11685
ZFS.TO,27-Apr-2018,14.08,14.08,14.08,14.08,0
ZGD.TO,27-Apr-2018,9.18,9.18,9.18,9.18,0
ZGI.TO,27-Apr-2018,33.06,33.12,33.06,33.12,725
ZGQ.TO,27-Apr-2018,29.87,29.9,29.87,29.9,1645
ZHP.TO,27-Apr-2018,24.1,24.1,24.1,24.1,100
ZHY.TO,27-Apr-2018,13.88,13.88,13.83,13.83,11519
ZIC.TO,27-Apr-2018,17.64,17.64,17.64,17.64,4859
ZID.TO,27-Apr-2018,23.73,24,23.73,24,980
ZIN.TO,27-Apr-2018,27.07,27.07,27.07,27.07,480
ZJG.TO,27-Apr-2018,9.09,9.15,9.09,9.15,6304
ZJO.TO,27-Apr-2018,14.13,14.13,14.13,14.13,124
ZLB.TO,27-Apr-2018,29.66,29.83,29.66,29.81,9016
ZLC.TO,27-Apr-2018,18.03,18.03,18.03,18.03,1080
ZLD.TO,27-Apr-2018,22.96,22.96,22.96,22.96,0
ZLE.TO,27-Apr-2018,22.02,22.08,22.02,22.07,7500
ZLH.TO,27-Apr-2018,22.74,22.76,22.74,22.76,700
ZLI.TO,27-Apr-2018,23.9,23.9,23.9,23.9,0
ZLU.TO,27-Apr-2018,30.63,30.97,30.63,30.97,8575
ZMI.TO,27-Apr-2018,15.88,15.88,15.88,15.88,0
ZMP.TO,27-Apr-2018,14.57,14.59,14.57,14.58,4300
ZMT.TO,27-Apr-2018,11.44,11.44,11.44,11.44,100
ZMU.TO,27-Apr-2018,14.22,14.23,14.22,14.23,906
ZPH.TO,27-Apr-2018,19.1,19.1,19.1,19.1,4000
ZPL.TO,27-Apr-2018,15.35,15.35,15.35,15.35,0
ZPR.TO,27-Apr-2018,11.48,11.53,11.48,11.53,22569
ZPS.TO,27-Apr-2018,13.3,13.3,13.3,13.3,10100
ZPW.TO,27-Apr-2018,17.82,17.83,17.82,17.82,2200
ZQQ.TO,27-Apr-2018,51.24,51.24,50.25,50.49,84897
ZRE.TO,27-Apr-2018,20.74,20.88,20.74,20.87,13505
ZRR.TO,27-Apr-2018,17.2,17.24,17.2,17.24,2143
ZSP.TO,27-Apr-2018,37.84,37.84,37.6,37.79,9533
ZSP.U.TO,27-Apr-2018,29.53,29.53,29.53,29.53,2000
ZST.TO,27-Apr-2018,51.41,51.41,51.41,51.41,108
ZST.L.TO,27-Apr-2018,50.85,50.85,50.85,50.85,0
ZSU.TO,27-Apr-2018,14.42,14.42,14.42,14.42,14000
ZUB.TO,27-Apr-2018,30.22,30.63,30.22,30.6,19788
ZUD.TO,27-Apr-2018,23.75,23.81,23.75,23.78,701
ZUE.TO,27-Apr-2018,40.41,40.41,40.3,40.33,2797
ZUH.TO,27-Apr-2018,49.89,49.89,49.57,49.74,12922
ZUP.TO,27-Apr-2018,24,24,24,24,430
ZUQ.TO,27-Apr-2018,31.85,31.85,31.85,31.85,0
ZUT.TO,27-Apr-2018,16.24,16.3,16.24,16.29,5575
ZVI.TO,27-Apr-2018,21.75,21.75,21.75,21.75,0
ZWA.TO,27-Apr-2018,22.36,22.48,22.36,22.42,2644
ZWB.TO,27-Apr-2018,18.71,18.77,18.7,18.76,51532
ZWC.TO,27-Apr-2018,19.23,19.24,19.19,19.23,4145
ZWE.TO,27-Apr-2018,21.44,21.44,21.34,21.4,20527
ZWH.TO,27-Apr-2018,19.99,20.08,19.99,20.08,16227
ZWH.U.TO,27-Apr-2018,21.23,21.23,21.23,21.23,0
ZWP.TO,27-Apr-2018,20.28,20.28,20.25,20.25,2444
ZWU.TO,27-Apr-2018,12.47,12.5,12.46,12.49,27492
ZXM.TO,27-Apr-2018,29.16,29.16,29.16,29.16,0
ZXM.B.TO,27-Apr-2018,31.75,31.75,31.75,31.75,0
ZYME.TO,27-Apr-2018,20.47,23.15,20.31,20.62,23357
ZZZ.TO,27-Apr-2018,34.95,36.56,34.95,36.43,118231
